series,x,value
jd.algo,2018,100.0
jd.algo,2019,135.1432
jd.algo,2020,167.1252
jd.algo,2021,205.0
jd.algo,2022,253.3277
jd.algo,2023,298.0
jd.algo,2024,333.2498
jd.algo,2025,368.0
jd.meng,2018,100.0
jd.meng,2019,121.799
jd.meng,2020,136.5676
jd.meng,2021,168.0
jd.meng,2022,214.0
jd.meng,2023,388.0
jd.meng,2024,507.8139
jd.meng,2025,612.0
jd.data,2018,100.0
jd.data,2019,125.7981
jd.data,2020,147.7037
jd.data,2021,176.0
jd.data,2022,210.7091
jd.data,2023,242.0
jd.data,2024,269.4979
jd.data,2025,295.0
jd.prod,2018,100.0
jd.prod,2019,128.3268
jd.prod,2020,150.8043
jd.prod,2021,182.0
jd.prod,2022,221.743
jd.prod,2023,262.0
jd.prod,2024,296.0534
jd.prod,2025,331.0
jd.gov,2018,100.0
jd.gov,2019,117.13
jd.gov,2020,139.9233
jd.gov,2021,170.0
jd.gov,2022,228.0737
jd.gov,2023,286.0
jd.gov,2024,342.4407
jd.gov,2025,402.0
forecast.base,2025,598.0
forecast.base,2026,652.4035
forecast.base,2027,704.6347
forecast.base,2028,758.3673
forecast.base,2029,810.2458
forecast.base,2030,862.0
forecast.base,2031,908.1005
forecast.base,2032,949.6522
forecast.base,2033,995.3835
forecast.base,2034,1035.3908
forecast.base,2035,1080.0
forecast.fast,2025,598.0
forecast.fast,2026,663.4432
forecast.fast,2027,726.3058
forecast.fast,2028,789.7994
forecast.fast,2029,852.5714
forecast.fast,2030,918.0
forecast.fast,2031,977.6753
forecast.fast,2032,1046.1943
forecast.fast,2033,1110.9995
forecast.fast,2034,1174.6892
forecast.fast,2035,1240.0
forecast.slow,2025,598.0
forecast.slow,2026,639.4639
forecast.slow,2027,678.4141
forecast.slow,2028,721.9082
forecast.slow,2029,758.4025
forecast.slow,2030,792.0
forecast.slow,2031,816.2275
forecast.slow,2032,837.4765
forecast.slow,2033,856.4839
forecast.slow,2034,871.2561
forecast.slow,2035,890.0
te_sample.部属高校,0,0.8446
te_sample.部属高校,1,0.8395
te_sample.部属高校,2,0.8429
te_sample.部属高校,3,0.8345
te_sample.部属高校,4,0.8594
te_sample.部属高校,5,0.7502
te_sample.部属高校,6,0.68
te_sample.部属高校,7,0.7912
te_sample.部属高校,8,0.7926
te_sample.部属高校,9,0.7748
te_sample.部属高校,10,0.7547
te_sample.部属高校,11,0.9229
te_sample.部属高校,12,0.7168
te_sample.部属高校,13,0.6751
te_sample.部属高校,14,0.744
te_sample.部属高校,15,0.8524
te_sample.部属高校,16,0.785
te_sample.部属高校,17,0.8961
te_sample.部属高校,18,0.8813
te_sample.部属高校,19,0.7905
te_sample.部属高校,20,0.95
te_sample.部属高校,21,0.7307
te_sample.部属高校,22,0.8652
te_sample.部属高校,23,0.7622
te_sample.部属高校,24,0.8711
te_sample.部属高校,25,0.7759
te_sample.部属高校,26,0.8055
te_sample.部属高校,27,0.7769
te_sample.部属高校,28,0.8014
te_sample.部属高校,29,0.723
te_sample.部属高校,30,0.7943
te_sample.部属高校,31,0.7834
te_sample.部属高校,32,0.7561
te_sample.部属高校,33,0.8226
te_sample.部属高校,34,0.7866
te_sample.部属高校,35,0.6441
te_sample.部属高校,36,0.8709
te_sample.部属高校,37,0.7718
te_sample.部属高校,38,0.7132
te_sample.部属高校,39,0.6398
te_sample.部属高校,40,0.95
te_sample.部属高校,41,0.7786
te_sample.部属高校,42,0.8218
te_sample.部属高校,43,0.7958
te_sample.部属高校,44,0.8495
te_sample.部属高校,45,0.6768
te_sample.部属高校,46,0.6782
te_sample.部属高校,47,0.7086
te_sample.部属高校,48,0.7476
te_sample.部属高校,49,0.7729
te_sample.部属高校,50,0.7778
te_sample.部属高校,51,0.7091
te_sample.部属高校,52,0.6817
te_sample.部属高校,53,0.8563
te_sample.部属高校,54,0.8313
te_sample.部属高校,55,0.8833
te_sample.部属高校,56,0.7849
te_sample.部属高校,57,0.8289
te_sample.部属高校,58,0.8851
te_sample.部属高校,59,0.7621
te_sample.地方本科,0,0.6743
te_sample.地方本科,1,0.7566
te_sample.地方本科,2,0.7725
te_sample.地方本科,3,0.6944
te_sample.地方本科,4,0.6681
te_sample.地方本科,5,0.7311
te_sample.地方本科,6,0.7029
te_sample.地方本科,7,0.7379
te_sample.地方本科,8,0.6376
te_sample.地方本科,9,0.6564
te_sample.地方本科,10,0.7146
te_sample.地方本科,11,0.7279
te_sample.地方本科,12,0.571
te_sample.地方本科,13,0.6739
te_sample.地方本科,14,0.6927
te_sample.地方本科,15,0.6162
te_sample.地方本科,16,0.6741
te_sample.地方本科,17,0.6388
te_sample.地方本科,18,0.674
te_sample.地方本科,19,0.7961
te_sample.地方本科,20,0.5887
te_sample.地方本科,21,0.6747
te_sample.地方本科,22,0.7274
te_sample.地方本科,23,0.6352
te_sample.地方本科,24,0.708
te_sample.地方本科,25,0.6499
te_sample.地方本科,26,0.7196
te_sample.地方本科,27,0.4975
te_sample.地方本科,28,0.5904
te_sample.地方本科,29,0.5824
te_sample.地方本科,30,0.7199
te_sample.地方本科,31,0.6972
te_sample.地方本科,32,0.8127
te_sample.地方本科,33,0.7307
te_sample.地方本科,34,0.5858
te_sample.地方本科,35,0.7255
te_sample.地方本科,36,0.4732
te_sample.地方本科,37,0.6457
te_sample.地方本科,38,0.6812
te_sample.地方本科,39,0.6762
te_sample.地方本科,40,0.653
te_sample.地方本科,41,0.6954
te_sample.地方本科,42,0.7686
te_sample.地方本科,43,0.7139
te_sample.地方本科,44,0.6704
te_sample.地方本科,45,0.7095
te_sample.地方本科,46,0.6562
te_sample.地方本科,47,0.7201
te_sample.地方本科,48,0.7463
te_sample.地方本科,49,0.6333
te_sample.地方本科,50,0.5695
te_sample.地方本科,51,0.6268
te_sample.地方本科,52,0.7872
te_sample.地方本科,53,0.8127
te_sample.地方本科,54,0.6485
te_sample.地方本科,55,0.7093
te_sample.地方本科,56,0.6846
te_sample.地方本科,57,0.7453
te_sample.地方本科,58,0.6347
te_sample.地方本科,59,0.6482
te_sample.地方本科,60,0.579
te_sample.地方本科,61,0.8062
te_sample.地方本科,62,0.7516
te_sample.地方本科,63,0.7711
te_sample.地方本科,64,0.7195
te_sample.地方本科,65,0.7758
te_sample.地方本科,66,0.7291
te_sample.地方本科,67,0.715
te_sample.地方本科,68,0.6412
te_sample.地方本科,69,0.6539
te_sample.地方本科,70,0.702
te_sample.地方本科,71,0.7364
te_sample.地方本科,72,0.7489
te_sample.地方本科,73,0.6746
te_sample.地方本科,74,0.6369
te_sample.地方本科,75,0.6435
te_sample.地方本科,76,0.7508
te_sample.地方本科,77,0.6288
te_sample.地方本科,78,0.8029
te_sample.地方本科,79,0.7442
te_sample.地方本科,80,0.7076
te_sample.地方本科,81,0.7461
te_sample.地方本科,82,0.8348
te_sample.地方本科,83,0.6905
te_sample.地方本科,84,0.7163
te_sample.地方本科,85,0.7752
te_sample.地方本科,86,0.733
te_sample.地方本科,87,0.6417
te_sample.地方本科,88,0.6413
te_sample.地方本科,89,0.7423
te_sample.地方本科,90,0.6922
te_sample.地方本科,91,0.5967
te_sample.地方本科,92,0.6632
te_sample.地方本科,93,0.7204
te_sample.地方本科,94,0.6423
te_sample.地方本科,95,0.7811
te_sample.地方本科,96,0.6184
te_sample.地方本科,97,0.7059
te_sample.地方本科,98,0.7303
te_sample.地方本科,99,0.5652
te_sample.地方本科,100,0.7418
te_sample.地方本科,101,0.7887
te_sample.地方本科,102,0.6199
te_sample.地方本科,103,0.6972
te_sample.地方本科,104,0.8118
te_sample.地方本科,105,0.6482
te_sample.地方本科,106,0.6034
te_sample.地方本科,107,0.6809
te_sample.地方本科,108,0.8253
te_sample.地方本科,109,0.6636
te_sample.地方本科,110,0.7729
te_sample.地方本科,111,0.6593
te_sample.地方本科,112,0.7256
te_sample.地方本科,113,0.7266
te_sample.地方本科,114,0.6287
te_sample.地方本科,115,0.7168
te_sample.地方本科,116,0.6688
te_sample.地方本科,117,0.6249
te_sample.地方本科,118,0.7944
te_sample.地方本科,119,0.7074
te_sample.地方本科,120,0.4986
te_sample.地方本科,121,0.8185
te_sample.地方本科,122,0.7349
te_sample.地方本科,123,0.6087
te_sample.地方本科,124,0.6807
te_sample.地方本科,125,0.6361
te_sample.地方本科,126,0.7028
te_sample.地方本科,127,0.7552
te_sample.地方本科,128,0.583
te_sample.地方本科,129,0.622
te_sample.地方本科,130,0.6855
te_sample.地方本科,131,0.7853
te_sample.地方本科,132,0.6222
te_sample.地方本科,133,0.5365
te_sample.地方本科,134,0.6854
te_sample.地方本科,135,0.6628
te_sample.地方本科,136,0.664
te_sample.地方本科,137,0.7713
te_sample.地方本科,138,0.746
te_sample.地方本科,139,0.8058
te_sample.地方本科,140,0.58
te_sample.地方本科,141,0.7047
te_sample.地方本科,142,0.7541
te_sample.地方本科,143,0.8661
te_sample.地方本科,144,0.6575
te_sample.地方本科,145,0.649
te_sample.地方本科,146,0.6972
te_sample.地方本科,147,0.6149
te_sample.地方本科,148,0.6503
te_sample.地方本科,149,0.7175
te_sample.地方本科,150,0.6708
te_sample.地方本科,151,0.6634
te_sample.地方本科,152,0.7981
te_sample.地方本科,153,0.8761
te_sample.地方本科,154,0.6756
te_sample.地方本科,155,0.6709
te_sample.地方本科,156,0.6196
te_sample.地方本科,157,0.7118
te_sample.地方本科,158,0.5957
te_sample.地方本科,159,0.6313
te_sample.高职高专,0,0.6343
te_sample.高职高专,1,0.6221
te_sample.高职高专,2,0.7999
te_sample.高职高专,3,0.6158
te_sample.高职高专,4,0.6177
te_sample.高职高专,5,0.4442
te_sample.高职高专,6,0.5246
te_sample.高职高专,7,0.617
te_sample.高职高专,8,0.7035
te_sample.高职高专,9,0.5934
te_sample.高职高专,10,0.7091
te_sample.高职高专,11,0.672
te_sample.高职高专,12,0.6175
te_sample.高职高专,13,0.5523
te_sample.高职高专,14,0.7314
te_sample.高职高专,15,0.525
te_sample.高职高专,16,0.6272
te_sample.高职高专,17,0.5994
te_sample.高职高专,18,0.781
te_sample.高职高专,19,0.5712
te_sample.高职高专,20,0.6802
te_sample.高职高专,21,0.6685
te_sample.高职高专,22,0.5755
te_sample.高职高专,23,0.5645
te_sample.高职高专,24,0.5528
te_sample.高职高专,25,0.7529
te_sample.高职高专,26,0.6611
te_sample.高职高专,27,0.5485
te_sample.高职高专,28,0.6132
te_sample.高职高专,29,0.6648
te_sample.高职高专,30,0.7097
te_sample.高职高专,31,0.7344
te_sample.高职高专,32,0.7749
te_sample.高职高专,33,0.7291
te_sample.高职高专,34,0.7308
te_sample.高职高专,35,0.7005
te_sample.高职高专,36,0.6055
te_sample.高职高专,37,0.6517
te_sample.高职高专,38,0.6689
te_sample.高职高专,39,0.5271
te_sample.高职高专,40,0.5566
te_sample.高职高专,41,0.6629
te_sample.高职高专,42,0.7487
te_sample.高职高专,43,0.5899
te_sample.高职高专,44,0.6249
te_sample.高职高专,45,0.7083
te_sample.高职高专,46,0.6436
te_sample.高职高专,47,0.7618
te_sample.高职高专,48,0.6634
te_sample.高职高专,49,0.7037
te_sample.高职高专,50,0.6888
te_sample.高职高专,51,0.6727
te_sample.高职高专,52,0.6217
te_sample.高职高专,53,0.6322
te_sample.高职高专,54,0.647
te_sample.高职高专,55,0.6457
te_sample.高职高专,56,0.6538
te_sample.高职高专,57,0.7012
te_sample.高职高专,58,0.5742
te_sample.高职高专,59,0.8387
te_sample.高职高专,60,0.737
te_sample.高职高专,61,0.6461
te_sample.高职高专,62,0.7137
te_sample.高职高专,63,0.7097
te_sample.高职高专,64,0.6568
te_sample.高职高专,65,0.6867
smi.composite,2018,0.42
smi.composite,2019,0.4042
smi.composite,2020,0.3815
smi.composite,2021,0.37
smi.composite,2022,0.3628
smi.composite,2023,0.34
smi.composite,2024,0.3279
smi.composite,2025,0.31
smi.lnA,2018,-1.14
smi.A,2018,0.3198
smi.lnA,2019,0.0
smi.A,2019,1.0
smi.lnA,2020,0.0
smi.A,2020,1.0
smi.lnA,2021,-1.02
smi.A,2021,0.3606
smi.lnA,2022,0.0
smi.A,2022,1.0
smi.lnA,2023,-0.95
smi.A,2023,0.3867
smi.lnA,2024,0.0
smi.A,2024,1.0
smi.lnA,2025,-0.89
smi.A,2025,0.4107
bev.u,2018,4.6
bev.v,2018,3.0
bev.u,2019,4.4
bev.v,2019,3.2
bev.u,2020,5.0
bev.v,2020,2.8
bev.u,2021,4.2
bev.v,2021,3.4
bev.u,2022,4.6
bev.v,2022,3.8
bev.u,2023,4.9
bev.v,2023,4.1
bev.u,2024,5.0
bev.v,2024,4.4
bev.u,2025,5.1
bev.v,2025,4.6
game.scenA.x,0.0,0.35
game.scenA.y,0.0,0.2
game.scenA.z,0.0,0.6
game.scenA.x,1.0,0.3672
game.scenA.y,1.0,0.1551
game.scenA.z,1.0,0.5999
game.scenA.x,2.0,0.3822
game.scenA.y,2.0,0.1193
game.scenA.z,2.0,0.6032
game.scenA.x,3.0,0.3956
game.scenA.y,3.0,0.0913
game.scenA.z,3.0,0.609
game.scenA.x,4.0,0.4082
game.scenA.y,4.0,0.0697
game.scenA.z,4.0,0.6168
game.scenA.x,5.0,0.4205
game.scenA.y,5.0,0.0532
game.scenA.z,5.0,0.6259
game.scenA.x,6.0,0.4328
game.scenA.y,6.0,0.0406
game.scenA.z,6.0,0.6359
game.scenA.x,7.0,0.4455
game.scenA.y,7.0,0.031
game.scenA.z,7.0,0.6466
game.scenA.x,8.0,0.4588
game.scenA.y,8.0,0.0238
game.scenA.z,8.0,0.6575
game.scenA.x,9.0,0.4728
game.scenA.y,9.0,0.0183
game.scenA.z,9.0,0.6685
game.scenA.x,10.0,0.4877
game.scenA.y,10.0,0.0141
game.scenA.z,10.0,0.6794
game.scenA.x,11.0,0.5035
game.scenA.y,11.0,0.011
game.scenA.z,11.0,0.6901
game.scenA.x,12.0,0.5202
game.scenA.y,12.0,0.0086
game.scenA.z,12.0,0.7005
game.scenA.x,13.0,0.5378
game.scenA.y,13.0,0.0067
game.scenA.z,13.0,0.7106
game.scenA.x,14.0,0.5562
game.scenA.y,14.0,0.0053
game.scenA.z,14.0,0.7202
game.scenA.x,15.0,0.5753
game.scenA.y,15.0,0.005
game.scenA.z,15.0,0.7293
game.scenA.x,16.0,0.5951
game.scenA.y,16.0,0.005
game.scenA.z,16.0,0.7379
game.scenA.x,17.0,0.6154
game.scenA.y,17.0,0.005
game.scenA.z,17.0,0.7459
game.scenA.x,18.0,0.6361
game.scenA.y,18.0,0.005
game.scenA.z,18.0,0.7534
game.scenA.x,19.0,0.657
game.scenA.y,19.0,0.005
game.scenA.z,19.0,0.7604
game.scenA.x,20.0,0.6779
game.scenA.y,20.0,0.005
game.scenA.z,20.0,0.7669
game.scenA.x,21.0,0.6987
game.scenA.y,21.0,0.005
game.scenA.z,21.0,0.773
game.scenA.x,22.0,0.7191
game.scenA.y,22.0,0.005
game.scenA.z,22.0,0.7785
game.scenA.x,23.0,0.7392
game.scenA.y,23.0,0.005
game.scenA.z,23.0,0.7837
game.scenA.x,24.0,0.7586
game.scenA.y,24.0,0.005
game.scenA.z,24.0,0.7884
game.scenA.x,25.0,0.7774
game.scenA.y,25.0,0.005
game.scenA.z,25.0,0.7928
game.scenA.x,26.0,0.7954
game.scenA.y,26.0,0.005
game.scenA.z,26.0,0.7968
game.scenA.x,27.0,0.8126
game.scenA.y,27.0,0.005
game.scenA.z,27.0,0.8005
game.scenA.x,28.0,0.8288
game.scenA.y,28.0,0.005
game.scenA.z,28.0,0.8039
game.scenA.x,29.0,0.8441
game.scenA.y,29.0,0.005
game.scenA.z,29.0,0.807
game.scenA.x,30.0,0.8584
game.scenA.y,30.0,0.005
game.scenA.z,30.0,0.8098
game.scenA.x,31.0,0.8717
game.scenA.y,31.0,0.005
game.scenA.z,31.0,0.8124
game.scenA.x,32.0,0.884
game.scenA.y,32.0,0.005
game.scenA.z,32.0,0.8148
game.scenA.x,33.0,0.8954
game.scenA.y,33.0,0.005
game.scenA.z,33.0,0.817
game.scenA.x,34.0,0.9059
game.scenA.y,34.0,0.005
game.scenA.z,34.0,0.819
game.scenA.x,35.0,0.9155
game.scenA.y,35.0,0.005
game.scenA.z,35.0,0.8209
game.scenA.x,36.0,0.9242
game.scenA.y,36.0,0.005
game.scenA.z,36.0,0.8226
game.scenA.x,37.0,0.9321
game.scenA.y,37.0,0.005
game.scenA.z,37.0,0.8242
game.scenA.x,38.0,0.9393
game.scenA.y,38.0,0.005
game.scenA.z,38.0,0.8257
game.scenA.x,39.0,0.9459
game.scenA.y,39.0,0.005
game.scenA.z,39.0,0.8271
game.scenA.x,40.0,0.9517
game.scenA.y,40.0,0.005
game.scenA.z,40.0,0.8284
game.scenA.x,41.0,0.957
game.scenA.y,41.0,0.005
game.scenA.z,41.0,0.8296
game.scenA.x,42.0,0.9618
game.scenA.y,42.0,0.005
game.scenA.z,42.0,0.8307
game.scenA.x,43.0,0.966
game.scenA.y,43.0,0.005
game.scenA.z,43.0,0.8318
game.scenA.x,44.0,0.9698
game.scenA.y,44.0,0.005
game.scenA.z,44.0,0.8328
game.scenA.x,45.0,0.9733
game.scenA.y,45.0,0.005
game.scenA.z,45.0,0.8337
game.scenA.x,46.0,0.9763
game.scenA.y,46.0,0.005
game.scenA.z,46.0,0.8346
game.scenA.x,47.0,0.979
game.scenA.y,47.0,0.005
game.scenA.z,47.0,0.8355
game.scenA.x,48.0,0.9814
game.scenA.y,48.0,0.005
game.scenA.z,48.0,0.8363
game.scenA.x,49.0,0.9836
game.scenA.y,49.0,0.005
game.scenA.z,49.0,0.8371
game.scenA.x,50.0,0.9855
game.scenA.y,50.0,0.005
game.scenA.z,50.0,0.8378
game.scenA.x,51.0,0.9872
game.scenA.y,51.0,0.005
game.scenA.z,51.0,0.8386
game.scenA.x,52.0,0.9887
game.scenA.y,52.0,0.005
game.scenA.z,52.0,0.8393
game.scenA.x,53.0,0.99
game.scenA.y,53.0,0.005
game.scenA.z,53.0,0.84
game.scenA.x,54.0,0.9912
game.scenA.y,54.0,0.005
game.scenA.z,54.0,0.8406
game.scenA.x,55.0,0.9922
game.scenA.y,55.0,0.005
game.scenA.z,55.0,0.8413
game.scenA.x,56.0,0.9931
game.scenA.y,56.0,0.005
game.scenA.z,56.0,0.8419
game.scenA.x,57.0,0.9939
game.scenA.y,57.0,0.005
game.scenA.z,57.0,0.8426
game.scenA.x,58.0,0.9947
game.scenA.y,58.0,0.005
game.scenA.z,58.0,0.8432
game.scenA.x,59.0,0.995
game.scenA.y,59.0,0.005
game.scenA.z,59.0,0.8438
game.scenA.x,60.0,0.995
game.scenA.y,60.0,0.005
game.scenA.z,60.0,0.8444
game.scenB.x,0.0,0.35
game.scenB.y,0.0,0.2
game.scenB.z,0.0,0.6
game.scenB.x,1.0,0.3682
game.scenB.y,1.0,0.187
game.scenB.z,1.0,0.5984
game.scenB.x,2.0,0.3859
game.scenB.y,2.0,0.176
game.scenB.z,2.0,0.5975
game.scenB.x,3.0,0.4032
game.scenB.y,3.0,0.1669
game.scenB.z,3.0,0.5971
game.scenB.x,4.0,0.4201
game.scenB.y,4.0,0.1593
game.scenB.z,4.0,0.597
game.scenB.x,5.0,0.4366
game.scenB.y,5.0,0.1533
game.scenB.z,5.0,0.5973
game.scenB.x,6.0,0.453
game.scenB.y,6.0,0.1485
game.scenB.z,6.0,0.5976
game.scenB.x,7.0,0.4693
game.scenB.y,7.0,0.145
game.scenB.z,7.0,0.5979
game.scenB.x,8.0,0.4854
game.scenB.y,8.0,0.1427
game.scenB.z,8.0,0.5982
game.scenB.x,9.0,0.5014
game.scenB.y,9.0,0.1414
game.scenB.z,9.0,0.5982
game.scenB.x,10.0,0.5174
game.scenB.y,10.0,0.1412
game.scenB.z,10.0,0.5979
game.scenB.x,11.0,0.5333
game.scenB.y,11.0,0.1421
game.scenB.z,11.0,0.5973
game.scenB.x,12.0,0.5491
game.scenB.y,12.0,0.144
game.scenB.z,12.0,0.5961
game.scenB.x,13.0,0.5649
game.scenB.y,13.0,0.147
game.scenB.z,13.0,0.5943
game.scenB.x,14.0,0.5805
game.scenB.y,14.0,0.1511
game.scenB.z,14.0,0.5919
game.scenB.x,15.0,0.5961
game.scenB.y,15.0,0.1564
game.scenB.z,15.0,0.5886
game.scenB.x,16.0,0.6115
game.scenB.y,16.0,0.163
game.scenB.z,16.0,0.5844
game.scenB.x,17.0,0.6267
game.scenB.y,17.0,0.1709
game.scenB.z,17.0,0.5792
game.scenB.x,18.0,0.6416
game.scenB.y,18.0,0.1803
game.scenB.z,18.0,0.5728
game.scenB.x,19.0,0.6563
game.scenB.y,19.0,0.1912
game.scenB.z,19.0,0.565
game.scenB.x,20.0,0.6706
game.scenB.y,20.0,0.2037
game.scenB.z,20.0,0.5558
game.scenB.x,21.0,0.6846
game.scenB.y,21.0,0.2181
game.scenB.z,21.0,0.5449
game.scenB.x,22.0,0.6981
game.scenB.y,22.0,0.2343
game.scenB.z,22.0,0.5322
game.scenB.x,23.0,0.7111
game.scenB.y,23.0,0.2525
game.scenB.z,23.0,0.5175
game.scenB.x,24.0,0.7236
game.scenB.y,24.0,0.2727
game.scenB.z,24.0,0.5006
game.scenB.x,25.0,0.7354
game.scenB.y,25.0,0.295
game.scenB.z,25.0,0.4813
game.scenB.x,26.0,0.7466
game.scenB.y,26.0,0.3193
game.scenB.z,26.0,0.4597
game.scenB.x,27.0,0.757
game.scenB.y,27.0,0.3455
game.scenB.z,27.0,0.4355
game.scenB.x,28.0,0.7666
game.scenB.y,28.0,0.3735
game.scenB.z,28.0,0.4089
game.scenB.x,29.0,0.7753
game.scenB.y,29.0,0.4029
game.scenB.z,29.0,0.38
game.scenB.x,30.0,0.7832
game.scenB.y,30.0,0.4336
game.scenB.z,30.0,0.3491
game.scenB.x,31.0,0.7901
game.scenB.y,31.0,0.4652
game.scenB.z,31.0,0.3167
game.scenB.x,32.0,0.7961
game.scenB.y,32.0,0.4972
game.scenB.z,32.0,0.2833
game.scenB.x,33.0,0.8012
game.scenB.y,33.0,0.5293
game.scenB.z,33.0,0.2498
game.scenB.x,34.0,0.8055
game.scenB.y,34.0,0.5611
game.scenB.z,34.0,0.2168
game.scenB.x,35.0,0.809
game.scenB.y,35.0,0.5922
game.scenB.z,35.0,0.1853
game.scenB.x,36.0,0.8118
game.scenB.y,36.0,0.6224
game.scenB.z,36.0,0.1557
game.scenB.x,37.0,0.8141
game.scenB.y,37.0,0.6515
game.scenB.z,37.0,0.1289
game.scenB.x,38.0,0.816
game.scenB.y,38.0,0.6793
game.scenB.z,38.0,0.105
game.scenB.x,39.0,0.8177
game.scenB.y,39.0,0.7057
game.scenB.z,39.0,0.0843
game.scenB.x,40.0,0.8192
game.scenB.y,40.0,0.7306
game.scenB.z,40.0,0.0668
game.scenB.x,41.0,0.8208
game.scenB.y,41.0,0.7541
game.scenB.z,41.0,0.0522
game.scenB.x,42.0,0.8225
game.scenB.y,42.0,0.7761
game.scenB.z,42.0,0.0403
game.scenB.x,43.0,0.8245
game.scenB.y,43.0,0.7967
game.scenB.z,43.0,0.0308
game.scenB.x,44.0,0.8267
game.scenB.y,44.0,0.8159
game.scenB.z,44.0,0.0233
game.scenB.x,45.0,0.8293
game.scenB.y,45.0,0.8337
game.scenB.z,45.0,0.0175
game.scenB.x,46.0,0.8322
game.scenB.y,46.0,0.8503
game.scenB.z,46.0,0.013
game.scenB.x,47.0,0.8355
game.scenB.y,47.0,0.8657
game.scenB.z,47.0,0.0096
game.scenB.x,48.0,0.8392
game.scenB.y,48.0,0.8799
game.scenB.z,48.0,0.007
game.scenB.x,49.0,0.8432
game.scenB.y,49.0,0.8929
game.scenB.z,49.0,0.0051
game.scenB.x,50.0,0.8475
game.scenB.y,50.0,0.9049
game.scenB.z,50.0,0.005
game.scenB.x,51.0,0.8521
game.scenB.y,51.0,0.9159
game.scenB.z,51.0,0.005
game.scenB.x,52.0,0.857
game.scenB.y,52.0,0.9258
game.scenB.z,52.0,0.005
game.scenB.x,53.0,0.8621
game.scenB.y,53.0,0.9349
game.scenB.z,53.0,0.005
game.scenB.x,54.0,0.8673
game.scenB.y,54.0,0.943
game.scenB.z,54.0,0.005
game.scenB.x,55.0,0.8726
game.scenB.y,55.0,0.9504
game.scenB.z,55.0,0.005
game.scenB.x,56.0,0.8779
game.scenB.y,56.0,0.9569
game.scenB.z,56.0,0.005
game.scenB.x,57.0,0.8832
game.scenB.y,57.0,0.9627
game.scenB.z,57.0,0.005
game.scenB.x,58.0,0.8885
game.scenB.y,58.0,0.9679
game.scenB.z,58.0,0.005
game.scenB.x,59.0,0.8937
game.scenB.y,59.0,0.9724
game.scenB.z,59.0,0.005
game.scenB.x,60.0,0.8987
game.scenB.y,60.0,0.9764
game.scenB.z,60.0,0.005
game.scenC.x,0.0,0.35
game.scenC.y,0.0,0.2
game.scenC.z,0.0,0.6
game.scenC.x,1.0,0.3692
game.scenC.y,1.0,0.2159
game.scenC.z,1.0,0.597
game.scenC.x,2.0,0.3896
game.scenC.y,2.0,0.2346
game.scenC.z,2.0,0.592
game.scenC.x,3.0,0.4111
game.scenC.y,3.0,0.2564
game.scenC.z,3.0,0.5846
game.scenC.x,4.0,0.4338
game.scenC.y,4.0,0.2818
game.scenC.z,4.0,0.5745
game.scenC.x,5.0,0.4575
game.scenC.y,5.0,0.3112
game.scenC.z,5.0,0.5611
game.scenC.x,6.0,0.482
game.scenC.y,6.0,0.3449
game.scenC.z,6.0,0.544
game.scenC.x,7.0,0.5072
game.scenC.y,7.0,0.383
game.scenC.z,7.0,0.5229
game.scenC.x,8.0,0.5329
game.scenC.y,8.0,0.4256
game.scenC.z,8.0,0.4971
game.scenC.x,9.0,0.5586
game.scenC.y,9.0,0.4722
game.scenC.z,9.0,0.4665
game.scenC.x,10.0,0.584
game.scenC.y,10.0,0.5221
game.scenC.z,10.0,0.431
game.scenC.x,11.0,0.6087
game.scenC.y,11.0,0.5741
game.scenC.z,11.0,0.3909
game.scenC.x,12.0,0.6322
game.scenC.y,12.0,0.6267
game.scenC.z,12.0,0.3471
game.scenC.x,13.0,0.6543
game.scenC.y,13.0,0.6785
game.scenC.z,13.0,0.3011
game.scenC.x,14.0,0.6746
game.scenC.y,14.0,0.7277
game.scenC.z,14.0,0.2547
game.scenC.x,15.0,0.6931
game.scenC.y,15.0,0.7731
game.scenC.z,15.0,0.2098
game.scenC.x,16.0,0.7099
game.scenC.y,16.0,0.8138
game.scenC.z,16.0,0.1685
game.scenC.x,17.0,0.725
game.scenC.y,17.0,0.8493
game.scenC.z,17.0,0.1321
game.scenC.x,18.0,0.7387
game.scenC.y,18.0,0.8796
game.scenC.z,18.0,0.1013
game.scenC.x,19.0,0.7513
game.scenC.y,19.0,0.9049
game.scenC.z,19.0,0.0762
game.scenC.x,20.0,0.7629
game.scenC.y,20.0,0.9257
game.scenC.z,20.0,0.0564
game.scenC.x,21.0,0.7738
game.scenC.y,21.0,0.9424
game.scenC.z,21.0,0.0412
game.scenC.x,22.0,0.7842
game.scenC.y,22.0,0.9558
game.scenC.z,22.0,0.0297
game.scenC.x,23.0,0.7941
game.scenC.y,23.0,0.9663
game.scenC.z,23.0,0.0213
game.scenC.x,24.0,0.8036
game.scenC.y,24.0,0.9745
game.scenC.z,24.0,0.0151
game.scenC.x,25.0,0.8127
game.scenC.y,25.0,0.9809
game.scenC.z,25.0,0.0107
game.scenC.x,26.0,0.8216
game.scenC.y,26.0,0.9857
game.scenC.z,26.0,0.0075
game.scenC.x,27.0,0.8301
game.scenC.y,27.0,0.9894
game.scenC.z,27.0,0.0053
game.scenC.x,28.0,0.8383
game.scenC.y,28.0,0.9922
game.scenC.z,28.0,0.005
game.scenC.x,29.0,0.8463
game.scenC.y,29.0,0.9942
game.scenC.z,29.0,0.005
game.scenC.x,30.0,0.854
game.scenC.y,30.0,0.995
game.scenC.z,30.0,0.005
game.scenC.x,31.0,0.8614
game.scenC.y,31.0,0.995
game.scenC.z,31.0,0.005
game.scenC.x,32.0,0.8685
game.scenC.y,32.0,0.995
game.scenC.z,32.0,0.005
game.scenC.x,33.0,0.8752
game.scenC.y,33.0,0.995
game.scenC.z,33.0,0.005
game.scenC.x,34.0,0.8817
game.scenC.y,34.0,0.995
game.scenC.z,34.0,0.005
game.scenC.x,35.0,0.8879
game.scenC.y,35.0,0.995
game.scenC.z,35.0,0.005
game.scenC.x,36.0,0.8938
game.scenC.y,36.0,0.995
game.scenC.z,36.0,0.005
game.scenC.x,37.0,0.8994
game.scenC.y,37.0,0.995
game.scenC.z,37.0,0.005
game.scenC.x,38.0,0.9048
game.scenC.y,38.0,0.995
game.scenC.z,38.0,0.005
game.scenC.x,39.0,0.9099
game.scenC.y,39.0,0.995
game.scenC.z,39.0,0.005
game.scenC.x,40.0,0.9147
game.scenC.y,40.0,0.995
game.scenC.z,40.0,0.005
game.scenC.x,41.0,0.9193
game.scenC.y,41.0,0.995
game.scenC.z,41.0,0.005
game.scenC.x,42.0,0.9237
game.scenC.y,42.0,0.995
game.scenC.z,42.0,0.005
game.scenC.x,43.0,0.9279
game.scenC.y,43.0,0.995
game.scenC.z,43.0,0.005
game.scenC.x,44.0,0.9318
game.scenC.y,44.0,0.995
game.scenC.z,44.0,0.005
game.scenC.x,45.0,0.9356
game.scenC.y,45.0,0.995
game.scenC.z,45.0,0.005
game.scenC.x,46.0,0.9391
game.scenC.y,46.0,0.995
game.scenC.z,46.0,0.005
game.scenC.x,47.0,0.9425
game.scenC.y,47.0,0.995
game.scenC.z,47.0,0.005
game.scenC.x,48.0,0.9457
game.scenC.y,48.0,0.995
game.scenC.z,48.0,0.005
game.scenC.x,49.0,0.9488
game.scenC.y,49.0,0.995
game.scenC.z,49.0,0.005
game.scenC.x,50.0,0.9516
game.scenC.y,50.0,0.995
game.scenC.z,50.0,0.005
game.scenC.x,51.0,0.9543
game.scenC.y,51.0,0.995
game.scenC.z,51.0,0.005
game.scenC.x,52.0,0.9569
game.scenC.y,52.0,0.995
game.scenC.z,52.0,0.005
game.scenC.x,53.0,0.9593
game.scenC.y,53.0,0.995
game.scenC.z,53.0,0.005
game.scenC.x,54.0,0.9616
game.scenC.y,54.0,0.995
game.scenC.z,54.0,0.005
game.scenC.x,55.0,0.9638
game.scenC.y,55.0,0.995
game.scenC.z,55.0,0.005
game.scenC.x,56.0,0.9659
game.scenC.y,56.0,0.995
game.scenC.z,56.0,0.005
game.scenC.x,57.0,0.9678
game.scenC.y,57.0,0.995
game.scenC.z,57.0,0.005
game.scenC.x,58.0,0.9697
game.scenC.y,58.0,0.995
game.scenC.z,58.0,0.005
game.scenC.x,59.0,0.9714
game.scenC.y,59.0,0.995
game.scenC.z,59.0,0.005
game.scenC.x,60.0,0.973
game.scenC.y,60.0,0.995
game.scenC.z,60.0,0.005
sd_stock.strong,2025,340.0
sd_gap.strong,2025,258.0
sd_stock.strong,2026,398.1376
sd_gap.strong,2026,254.3
sd_stock.strong,2027,457.5429
sd_gap.strong,2027,247.1
sd_stock.strong,2028,516.9993
sd_gap.strong,2028,241.4
sd_stock.strong,2029,574.3691
sd_gap.strong,2029,235.8
sd_stock.strong,2030,640.0
sd_gap.strong,2030,222.0
sd_stock.strong,2031,710.6854
sd_gap.strong,2031,197.4
sd_stock.strong,2032,783.6529
sd_gap.strong,2032,166.0
sd_stock.strong,2033,858.9798
sd_gap.strong,2033,136.4
sd_stock.strong,2034,934.8428
sd_gap.strong,2034,100.6
sd_stock.strong,2035,1010.0
sd_gap.strong,2035,70.0
sd_stock.base,2025,340.0
sd_gap.base,2025,258.0
sd_stock.base,2026,384.9045
sd_gap.base,2026,267.5
sd_stock.base,2027,426.5276
sd_gap.base,2027,278.1
sd_stock.base,2028,468.7814
sd_gap.base,2028,289.6
sd_stock.base,2029,515.6917
sd_gap.base,2029,294.5
sd_stock.base,2030,566.0
sd_gap.base,2030,296.0
sd_stock.base,2031,621.4523
sd_gap.base,2031,286.6
sd_stock.base,2032,682.687
sd_gap.base,2032,267.0
sd_stock.base,2033,744.4788
sd_gap.base,2033,250.9
sd_stock.base,2034,806.9777
sd_gap.base,2034,228.4
sd_stock.base,2035,870.0
sd_gap.base,2035,210.0
sd_stock.weak,2025,340.0
sd_gap.weak,2025,258.0
sd_stock.weak,2026,368.9561
sd_gap.weak,2026,283.4
sd_stock.weak,2027,395.4611
sd_gap.weak,2027,309.1
sd_stock.weak,2028,424.5077
sd_gap.weak,2028,333.9
sd_stock.weak,2029,454.2503
sd_gap.weak,2029,355.9
sd_stock.weak,2030,486.0
sd_gap.weak,2030,376.0
sd_stock.weak,2031,521.6254
sd_gap.weak,2031,386.5
sd_stock.weak,2032,563.3002
sd_gap.weak,2032,386.4
sd_stock.weak,2033,604.6684
sd_gap.weak,2033,390.7
sd_stock.weak,2034,648.8746
sd_gap.weak,2034,386.5
sd_stock.weak,2035,690.0
sd_gap.weak,2035,390.0
scatter.F,0,0.1273
scatter.TE,0,0.5428
scatter.MQ,0,0.5942
scatter.F,1,0.8972
scatter.TE,1,0.7892
scatter.MQ,1,0.6891
scatter.F,2,0.1558
scatter.TE,2,0.4728
scatter.MQ,2,0.5994
scatter.F,3,0.6245
scatter.TE,3,0.6428
scatter.MQ,3,0.6611
scatter.F,4,0.5718
scatter.TE,4,0.6512
scatter.MQ,4,0.5801
scatter.F,5,0.1263
scatter.TE,5,0.4808
scatter.MQ,5,0.5148
scatter.F,6,0.4505
scatter.TE,6,0.6333
scatter.MQ,6,0.6606
scatter.F,7,0.7136
scatter.TE,7,0.6712
scatter.MQ,7,0.7627
scatter.F,8,0.7451
scatter.TE,8,0.696
scatter.MQ,8,0.663
scatter.F,9,0.4728
scatter.TE,9,0.6788
scatter.MQ,9,0.6368
scatter.F,10,0.6865
scatter.TE,10,0.6769
scatter.MQ,10,0.7466
scatter.F,11,0.3005
scatter.TE,11,0.5937
scatter.MQ,11,0.5831
scatter.F,12,0.2594
scatter.TE,12,0.5702
scatter.MQ,12,0.6795
scatter.F,13,0.611
scatter.TE,13,0.7296
scatter.MQ,13,0.5461
scatter.F,14,0.2119
scatter.TE,14,0.6013
scatter.MQ,14,0.646
scatter.F,15,0.5435
scatter.TE,15,0.7265
scatter.MQ,15,0.6987
scatter.F,16,0.1875
scatter.TE,16,0.5626
scatter.MQ,16,0.6094
scatter.F,17,0.6397
scatter.TE,17,0.6899
scatter.MQ,17,0.6128
scatter.F,18,0.2582
scatter.TE,18,0.5821
scatter.MQ,18,0.5185
scatter.F,19,0.3078
scatter.TE,19,0.7044
scatter.MQ,19,0.5657
scatter.F,20,0.7851
scatter.TE,20,0.7192
scatter.MQ,20,0.7147
scatter.F,21,0.5549
scatter.TE,21,0.5972
scatter.MQ,21,0.6077
scatter.F,22,0.7511
scatter.TE,22,0.6295
scatter.MQ,22,0.7103
scatter.F,23,0.484
scatter.TE,23,0.637
scatter.MQ,23,0.5608
scatter.F,24,0.5868
scatter.TE,24,0.6554
scatter.MQ,24,0.5555
scatter.F,25,0.6407
scatter.TE,25,0.7342
scatter.MQ,25,0.7663
scatter.F,26,0.2139
scatter.TE,26,0.464
scatter.MQ,26,0.6684
scatter.F,27,0.2757
scatter.TE,27,0.5815
scatter.MQ,27,0.6023
scatter.F,28,0.249
scatter.TE,28,0.6054
scatter.MQ,28,0.5665
scatter.F,29,0.2215
scatter.TE,29,0.6057
scatter.MQ,29,0.6021
scatter.F,30,0.6246
scatter.TE,30,0.5408
scatter.MQ,30,0.6676
scatter.F,31,0.8009
scatter.TE,31,0.7665
scatter.MQ,31,0.6748
scatter.F,32,0.1762
scatter.TE,32,0.4978
scatter.MQ,32,0.6085
scatter.F,33,0.7402
scatter.TE,33,0.6062
scatter.MQ,33,0.6515
scatter.F,34,0.3155
scatter.TE,34,0.6582
scatter.MQ,34,0.6675
scatter.F,35,0.3559
scatter.TE,35,0.6263
scatter.MQ,35,0.6605
scatter.F,36,0.2642
scatter.TE,36,0.5967
scatter.MQ,36,0.5783
scatter.F,37,0.4328
scatter.TE,37,0.6369
scatter.MQ,37,0.5959
scatter.F,38,0.6091
scatter.TE,38,0.6115
scatter.MQ,38,0.7144
scatter.F,39,0.5414
scatter.TE,39,0.7031
scatter.MQ,39,0.6342
scatter.F,40,0.774
scatter.TE,40,0.7424
scatter.MQ,40,0.6996
scatter.F,41,0.6784
scatter.TE,41,0.634
scatter.MQ,41,0.6156
scatter.F,42,0.3841
scatter.TE,42,0.6806
scatter.MQ,42,0.6687
scatter.F,43,0.3248
scatter.TE,43,0.6156
scatter.MQ,43,0.6118
scatter.F,44,0.4598
scatter.TE,44,0.6384
scatter.MQ,44,0.7143
scatter.F,45,0.4869
scatter.TE,45,0.6625
scatter.MQ,45,0.5336
scatter.F,46,0.4685
scatter.TE,46,0.6852
scatter.MQ,46,0.4765
scatter.F,47,0.4445
scatter.TE,47,0.5879
scatter.MQ,47,0.6846
scatter.F,48,0.4931
scatter.TE,48,0.6603
scatter.MQ,48,0.5698
scatter.F,49,0.3762
scatter.TE,49,0.5856
scatter.MQ,49,0.5905
scatter.F,50,0.5994
scatter.TE,50,0.5944
scatter.MQ,50,0.6147
scatter.F,51,0.3253
scatter.TE,51,0.7224
scatter.MQ,51,0.6421
scatter.F,52,0.5653
scatter.TE,52,0.5284
scatter.MQ,52,0.5764
scatter.F,53,0.3288
scatter.TE,53,0.5683
scatter.MQ,53,0.5984
scatter.F,54,0.7625
scatter.TE,54,0.7138
scatter.MQ,54,0.6677
scatter.F,55,0.2289
scatter.TE,55,0.4017
scatter.MQ,55,0.541
scatter.F,56,0.1811
scatter.TE,56,0.5409
scatter.MQ,56,0.6727
scatter.F,57,0.2198
scatter.TE,57,0.6004
scatter.MQ,57,0.7037
scatter.F,58,0.8047
scatter.TE,58,0.6651
scatter.MQ,58,0.7186
scatter.F,59,0.8872
scatter.TE,59,0.883
scatter.MQ,59,0.7468
scatter.F,60,0.7066
scatter.TE,60,0.6526
scatter.MQ,60,0.6554
scatter.F,61,0.3249
scatter.TE,61,0.5957
scatter.MQ,61,0.5928
scatter.F,62,0.4893
scatter.TE,62,0.6261
scatter.MQ,62,0.6035
scatter.F,63,0.6179
scatter.TE,63,0.7003
scatter.MQ,63,0.6107
scatter.F,64,0.3835
scatter.TE,64,0.7336
scatter.MQ,64,0.616
scatter.F,65,0.8983
scatter.TE,65,0.7303
scatter.MQ,65,0.7311
scatter.F,66,0.3948
scatter.TE,66,0.5182
scatter.MQ,66,0.6296
scatter.F,67,0.6643
scatter.TE,67,0.6862
scatter.MQ,67,0.7081
scatter.F,68,0.8104
scatter.TE,68,0.6817
scatter.MQ,68,0.6342
scatter.F,69,0.3677
scatter.TE,69,0.5466
scatter.MQ,69,0.5233
scatter.F,70,0.3741
scatter.TE,70,0.5527
scatter.MQ,70,0.5982
scatter.F,71,0.3214
scatter.TE,71,0.5398
scatter.MQ,71,0.6581
scatter.F,72,0.7118
scatter.TE,72,0.6031
scatter.MQ,72,0.6427
scatter.F,73,0.6934
scatter.TE,73,0.6706
scatter.MQ,73,0.7415
scatter.F,74,0.404
scatter.TE,74,0.5698
scatter.MQ,74,0.5309
scatter.F,75,0.3377
scatter.TE,75,0.6186
scatter.MQ,75,0.6031
scatter.F,76,0.3903
scatter.TE,76,0.5699
scatter.MQ,76,0.6168
scatter.F,77,0.2183
scatter.TE,77,0.5941
scatter.MQ,77,0.5403
scatter.F,78,0.2466
scatter.TE,78,0.6306
scatter.MQ,78,0.6375
scatter.F,79,0.8017
scatter.TE,79,0.6588
scatter.MQ,79,0.6735
scatter.F,80,0.3696
scatter.TE,80,0.4424
scatter.MQ,80,0.6981
scatter.F,81,0.8416
scatter.TE,81,0.6754
scatter.MQ,81,0.8138
scatter.F,82,0.3273
scatter.TE,82,0.5773
scatter.MQ,82,0.7009
scatter.F,83,0.1672
scatter.TE,83,0.5571
scatter.MQ,83,0.5097
scatter.F,84,0.6775
scatter.TE,84,0.717
scatter.MQ,84,0.6739
scatter.F,85,0.4827
scatter.TE,85,0.6615
scatter.MQ,85,0.6708
scatter.F,86,0.3293
scatter.TE,86,0.514
scatter.MQ,86,0.6438
scatter.F,87,0.6827
scatter.TE,87,0.6254
scatter.MQ,87,0.6882
scatter.F,88,0.1584
scatter.TE,88,0.6149
scatter.MQ,88,0.5583
scatter.F,89,0.7423
scatter.TE,89,0.7673
scatter.MQ,89,0.6487
scatter.F,90,0.7146
scatter.TE,90,0.6476
scatter.MQ,90,0.7025
scatter.F,91,0.401
scatter.TE,91,0.5268
scatter.MQ,91,0.7301
scatter.F,92,0.7119
scatter.TE,92,0.5936
scatter.MQ,92,0.6598
scatter.F,93,0.5081
scatter.TE,93,0.6419
scatter.MQ,93,0.6786
scatter.F,94,0.2551
scatter.TE,94,0.6594
scatter.MQ,94,0.6755
scatter.F,95,0.725
scatter.TE,95,0.704
scatter.MQ,95,0.6293
scatter.F,96,0.7368
scatter.TE,96,0.8194
scatter.MQ,96,0.6529
scatter.F,97,0.3432
scatter.TE,97,0.7021
scatter.MQ,97,0.656
scatter.F,98,0.6343
scatter.TE,98,0.6862
scatter.MQ,98,0.6633
scatter.F,99,0.4614
scatter.TE,99,0.5582
scatter.MQ,99,0.5697
scatter.F,100,0.5664
scatter.TE,100,0.6817
scatter.MQ,100,0.6615
scatter.F,101,0.8896
scatter.TE,101,0.756
scatter.MQ,101,0.6971
scatter.F,102,0.7542
scatter.TE,102,0.6923
scatter.MQ,102,0.6827
scatter.F,103,0.8278
scatter.TE,103,0.6337
scatter.MQ,103,0.7707
scatter.F,104,0.6012
scatter.TE,104,0.6075
scatter.MQ,104,0.7105
scatter.F,105,0.8119
scatter.TE,105,0.6903
scatter.MQ,105,0.6654
scatter.F,106,0.3331
scatter.TE,106,0.6355
scatter.MQ,106,0.7037
scatter.F,107,0.7588
scatter.TE,107,0.6583
scatter.MQ,107,0.7188
scatter.F,108,0.6244
scatter.TE,108,0.8013
scatter.MQ,108,0.6899
scatter.F,109,0.5866
scatter.TE,109,0.7124
scatter.MQ,109,0.6434
scatter.F,110,0.4292
scatter.TE,110,0.6897
scatter.MQ,110,0.6757
scatter.F,111,0.3196
scatter.TE,111,0.6862
scatter.MQ,111,0.6886
scatter.F,112,0.6686
scatter.TE,112,0.7219
scatter.MQ,112,0.6718
scatter.F,113,0.7418
scatter.TE,113,0.7437
scatter.MQ,113,0.7199
scatter.F,114,0.273
scatter.TE,114,0.635
scatter.MQ,114,0.5402
scatter.F,115,0.1735
scatter.TE,115,0.579
scatter.MQ,115,0.5729
scatter.F,116,0.6187
scatter.TE,116,0.5584
scatter.MQ,116,0.6267
scatter.F,117,0.1404
scatter.TE,117,0.5323
scatter.MQ,117,0.532
scatter.F,118,0.6732
scatter.TE,118,0.7297
scatter.MQ,118,0.6841
scatter.F,119,0.6275
scatter.TE,119,0.6808
scatter.MQ,119,0.7062
scatter.F,120,0.2584
scatter.TE,120,0.5132
scatter.MQ,120,0.5774
scatter.F,121,0.7982
scatter.TE,121,0.8041
scatter.MQ,121,0.7033
scatter.F,122,0.5852
scatter.TE,122,0.6538
scatter.MQ,122,0.6299
scatter.F,123,0.4378
scatter.TE,123,0.7011
scatter.MQ,123,0.6092
scatter.F,124,0.8251
scatter.TE,124,0.6731
scatter.MQ,124,0.7099
scatter.F,125,0.3697
scatter.TE,125,0.6392
scatter.MQ,125,0.6474
scatter.F,126,0.7262
scatter.TE,126,0.6482
scatter.MQ,126,0.6547
scatter.F,127,0.6655
scatter.TE,127,0.7079
scatter.MQ,127,0.7282
scatter.F,128,0.1354
scatter.TE,128,0.5159
scatter.MQ,128,0.6081
scatter.F,129,0.5975
scatter.TE,129,0.6393
scatter.MQ,129,0.7225
scatter.F,130,0.7287
scatter.TE,130,0.8017
scatter.MQ,130,0.6758
scatter.F,131,0.4943
scatter.TE,131,0.7428
scatter.MQ,131,0.6849
scatter.F,132,0.7811
scatter.TE,132,0.7161
scatter.MQ,132,0.6811
scatter.F,133,0.1863
scatter.TE,133,0.6056
scatter.MQ,133,0.5526
scatter.F,134,0.7184
scatter.TE,134,0.6719
scatter.MQ,134,0.6637
scatter.F,135,0.1899
scatter.TE,135,0.5005
scatter.MQ,135,0.6221
scatter.F,136,0.7497
scatter.TE,136,0.6551
scatter.MQ,136,0.7995
scatter.F,137,0.7322
scatter.TE,137,0.6969
scatter.MQ,137,0.5724
scatter.F,138,0.6724
scatter.TE,138,0.7519
scatter.MQ,138,0.6316
scatter.F,139,0.8713
scatter.TE,139,0.7445
scatter.MQ,139,0.655
scatter.F,140,0.5122
scatter.TE,140,0.6179
scatter.MQ,140,0.6323
scatter.F,141,0.4307
scatter.TE,141,0.5146
scatter.MQ,141,0.6177
scatter.F,142,0.5641
scatter.TE,142,0.617
scatter.MQ,142,0.7079
scatter.F,143,0.353
scatter.TE,143,0.6197
scatter.MQ,143,0.5449
scatter.F,144,0.7811
scatter.TE,144,0.7587
scatter.MQ,144,0.6809
scatter.F,145,0.5547
scatter.TE,145,0.6308
scatter.MQ,145,0.5346
scatter.F,146,0.184
scatter.TE,146,0.5996
scatter.MQ,146,0.5742
scatter.F,147,0.525
scatter.TE,147,0.7082
scatter.MQ,147,0.606
scatter.F,148,0.1572
scatter.TE,148,0.6098
scatter.MQ,148,0.5984
scatter.F,149,0.5531
scatter.TE,149,0.617
scatter.MQ,149,0.6174
scatter.F,150,0.6029
scatter.TE,150,0.5867
scatter.MQ,150,0.6904
scatter.F,151,0.722
scatter.TE,151,0.7548
scatter.MQ,151,0.7252
scatter.F,152,0.728
scatter.TE,152,0.7357
scatter.MQ,152,0.738
scatter.F,153,0.8767
scatter.TE,153,0.7323
scatter.MQ,153,0.7783
scatter.F,154,0.8404
scatter.TE,154,0.7085
scatter.MQ,154,0.7417
scatter.F,155,0.1908
scatter.TE,155,0.6165
scatter.MQ,155,0.4768
scatter.F,156,0.8254
scatter.TE,156,0.6918
scatter.MQ,156,0.6469
scatter.F,157,0.2062
scatter.TE,157,0.5128
scatter.MQ,157,0.5397
scatter.F,158,0.3253
scatter.TE,158,0.68
scatter.MQ,158,0.6167
scatter.F,159,0.5439
scatter.TE,159,0.6537
scatter.MQ,159,0.5663
scatter.F,160,0.238
scatter.TE,160,0.569
scatter.MQ,160,0.6369
scatter.F,161,0.362
scatter.TE,161,0.5026
scatter.MQ,161,0.7102
scatter.F,162,0.6749
scatter.TE,162,0.6932
scatter.MQ,162,0.5973
scatter.F,163,0.3266
scatter.TE,163,0.5172
scatter.MQ,163,0.636
scatter.F,164,0.6882
scatter.TE,164,0.7734
scatter.MQ,164,0.6178
scatter.F,165,0.233
scatter.TE,165,0.6197
scatter.MQ,165,0.6237
scatter.F,166,0.1376
scatter.TE,166,0.5166
scatter.MQ,166,0.6253
scatter.F,167,0.4211
scatter.TE,167,0.6824
scatter.MQ,167,0.6239
scatter.F,168,0.3295
scatter.TE,168,0.5768
scatter.MQ,168,0.713
scatter.F,169,0.8005
scatter.TE,169,0.6647
scatter.MQ,169,0.739
scatter.F,170,0.2806
scatter.TE,170,0.5906
scatter.MQ,170,0.6407
scatter.F,171,0.2076
scatter.TE,171,0.4871
scatter.MQ,171,0.6841
scatter.F,172,0.6258
scatter.TE,172,0.5834
scatter.MQ,172,0.659
scatter.F,173,0.3682
scatter.TE,173,0.5249
scatter.MQ,173,0.5095
scatter.F,174,0.2164
scatter.TE,174,0.6563
scatter.MQ,174,0.5367
scatter.F,175,0.2754
scatter.TE,175,0.5721
scatter.MQ,175,0.5677
scatter.F,176,0.8098
scatter.TE,176,0.6691
scatter.MQ,176,0.6868
scatter.F,177,0.6666
scatter.TE,177,0.7216
scatter.MQ,177,0.6695
scatter.F,178,0.7006
scatter.TE,178,0.675
scatter.MQ,178,0.7505
scatter.F,179,0.6245
scatter.TE,179,0.6534
scatter.MQ,179,0.6255
scatter.F,180,0.2622
scatter.TE,180,0.64
scatter.MQ,180,0.6377
scatter.F,181,0.2635
scatter.TE,181,0.6332
scatter.MQ,181,0.5522
scatter.F,182,0.5882
scatter.TE,182,0.5856
scatter.MQ,182,0.6382
scatter.F,183,0.6422
scatter.TE,183,0.8021
scatter.MQ,183,0.6707
scatter.F,184,0.694
scatter.TE,184,0.6493
scatter.MQ,184,0.6703
scatter.F,185,0.3089
scatter.TE,185,0.5346
scatter.MQ,185,0.6136
scatter.F,186,0.4736
scatter.TE,186,0.6244
scatter.MQ,186,0.6825
scatter.F,187,0.6936
scatter.TE,187,0.7141
scatter.MQ,187,0.6809
scatter.F,188,0.4901
scatter.TE,188,0.5959
scatter.MQ,188,0.6764
scatter.F,189,0.1993
scatter.TE,189,0.5908
scatter.MQ,189,0.5622
scatter.F,190,0.3657
scatter.TE,190,0.6789
scatter.MQ,190,0.6156
scatter.F,191,0.6694
scatter.TE,191,0.6442
scatter.MQ,191,0.6728
scatter.F,192,0.8592
scatter.TE,192,0.8787
scatter.MQ,192,0.817
scatter.F,193,0.8122
scatter.TE,193,0.7716
scatter.MQ,193,0.6672
scatter.F,194,0.2659
scatter.TE,194,0.6653
scatter.MQ,194,0.5312
scatter.F,195,0.6656
scatter.TE,195,0.6294
scatter.MQ,195,0.6962
scatter.F,196,0.2357
scatter.TE,196,0.5933
scatter.MQ,196,0.5601
scatter.F,197,0.2649
scatter.TE,197,0.4906
scatter.MQ,197,0.6135
scatter.F,198,0.23
scatter.TE,198,0.5714
scatter.MQ,198,0.5308
scatter.F,199,0.845
scatter.TE,199,0.7469
scatter.MQ,199,0.7131
scatter.F,200,0.8154
scatter.TE,200,0.7287
scatter.MQ,200,0.6864
scatter.F,201,0.8928
scatter.TE,201,0.7071
scatter.MQ,201,0.6709
scatter.F,202,0.2486
scatter.TE,202,0.4904
scatter.MQ,202,0.626
scatter.F,203,0.4687
scatter.TE,203,0.7737
scatter.MQ,203,0.6199
scatter.F,204,0.5471
scatter.TE,204,0.4778
scatter.MQ,204,0.6388
scatter.F,205,0.4809
scatter.TE,205,0.6506
scatter.MQ,205,0.6656
scatter.F,206,0.2793
scatter.TE,206,0.569
scatter.MQ,206,0.4863
scatter.F,207,0.7351
scatter.TE,207,0.7672
scatter.MQ,207,0.5891
scatter.F,208,0.4774
scatter.TE,208,0.5624
scatter.MQ,208,0.6308
scatter.F,209,0.787
scatter.TE,209,0.6705
scatter.MQ,209,0.6884
scatter.F,210,0.5392
scatter.TE,210,0.6169
scatter.MQ,210,0.7094
scatter.F,211,0.7519
scatter.TE,211,0.7737
scatter.MQ,211,0.7344
scatter.F,212,0.8488
scatter.TE,212,0.7486
scatter.MQ,212,0.7896
scatter.F,213,0.2199
scatter.TE,213,0.5155
scatter.MQ,213,0.5618
scatter.F,214,0.1865
scatter.TE,214,0.5225
scatter.MQ,214,0.5656
scatter.F,215,0.624
scatter.TE,215,0.5947
scatter.MQ,215,0.6431
scatter.F,216,0.238
scatter.TE,216,0.4803
scatter.MQ,216,0.4837
scatter.F,217,0.2109
scatter.TE,217,0.5869
scatter.MQ,217,0.5219
scatter.F,218,0.7694
scatter.TE,218,0.6949
scatter.MQ,218,0.6314
scatter.F,219,0.7216
scatter.TE,219,0.7803
scatter.MQ,219,0.6749
dea_sample.all,0,0.7249
dea_sample.all,1,0.6456
dea_sample.all,2,0.9187
dea_sample.all,3,0.6075
dea_sample.all,4,0.8465
dea_sample.all,5,0.8467
dea_sample.all,6,0.7354
dea_sample.all,7,0.9937
dea_sample.all,8,0.7146
dea_sample.all,9,0.9259
dea_sample.all,10,0.8794
dea_sample.all,11,0.633
dea_sample.all,12,0.7109
dea_sample.all,13,0.5948
dea_sample.all,14,0.6892
dea_sample.all,15,0.6108
dea_sample.all,16,0.8057
dea_sample.all,17,0.7346
dea_sample.all,18,0.5781
dea_sample.all,19,0.8227
dea_sample.all,20,0.7442
dea_sample.all,21,0.6577
dea_sample.all,22,0.7751
dea_sample.all,23,0.7491
dea_sample.all,24,0.6813
dea_sample.all,25,0.5975
dea_sample.all,26,0.8777
dea_sample.all,27,1.0
dea_sample.all,28,0.7298
dea_sample.all,29,0.7547
dea_sample.all,30,0.9636
dea_sample.all,31,0.799
dea_sample.all,32,0.8203
dea_sample.all,33,0.9001
dea_sample.all,34,0.7279
dea_sample.all,35,0.792
dea_sample.all,36,0.7234
dea_sample.all,37,0.9925
dea_sample.all,38,0.7062
dea_sample.all,39,0.9042
dea_sample.all,40,0.786
dea_sample.all,41,0.8589
dea_sample.all,42,0.6916
dea_sample.all,43,0.7941
dea_sample.all,44,0.6614
dea_sample.all,45,0.7095
dea_sample.all,46,0.8673
dea_sample.all,47,0.7343
dea_sample.all,48,0.9125
dea_sample.all,49,0.708
dea_sample.all,50,0.7946
dea_sample.all,51,0.7327
dea_sample.all,52,0.7809
dea_sample.all,53,0.7594
dea_sample.all,54,0.4734
dea_sample.all,55,0.9767
dea_sample.all,56,0.6197
dea_sample.all,57,0.5944
dea_sample.all,58,0.7689
dea_sample.all,59,0.8344
dea_sample.all,60,0.6064
dea_sample.all,61,0.8742
dea_sample.all,62,0.9196
dea_sample.all,63,0.7936
dea_sample.all,64,0.9159
dea_sample.all,65,0.6339
dea_sample.all,66,0.7074
dea_sample.all,67,0.7784
dea_sample.all,68,0.7622
dea_sample.all,69,0.6629
dea_sample.all,70,0.837
dea_sample.all,71,0.6562
dea_sample.all,72,0.7333
dea_sample.all,73,0.7061
dea_sample.all,74,0.8286
dea_sample.all,75,0.5353
dea_sample.all,76,0.8401
dea_sample.all,77,0.9598
dea_sample.all,78,0.7468
dea_sample.all,79,0.5697
dea_sample.all,80,0.7619
dea_sample.all,81,0.7417
dea_sample.all,82,0.7109
dea_sample.all,83,0.6471
dea_sample.all,84,0.561
dea_sample.all,85,0.6487
dea_sample.all,86,0.8302
dea_sample.all,87,0.633
dea_sample.all,88,0.6776
dea_sample.all,89,0.7778
dea_sample.all,90,0.822
dea_sample.all,91,0.8132
dea_sample.all,92,0.7552
dea_sample.all,93,0.717
dea_sample.all,94,0.7978
dea_sample.all,95,0.7256
dea_sample.all,96,0.8035
dea_sample.all,97,0.7067
dea_sample.all,98,0.7057
dea_sample.all,99,0.8011
dea_sample.all,100,0.7967
dea_sample.all,101,0.6356
dea_sample.all,102,0.7627
dea_sample.all,103,0.9128
dea_sample.all,104,0.6807
dea_sample.all,105,0.6722
dea_sample.all,106,0.855
dea_sample.all,107,0.8384
dea_sample.all,108,0.8039
dea_sample.all,109,0.7218
dea_sample.all,110,0.7548
dea_sample.all,111,0.4894
dea_sample.all,112,0.5986
dea_sample.all,113,0.6343
dea_sample.all,114,0.569
dea_sample.all,115,0.5668
dea_sample.all,116,0.7401
dea_sample.all,117,0.849
dea_sample.all,118,0.81
dea_sample.all,119,0.7503
dea_sample.all,120,0.8612
dea_sample.all,121,0.591
dea_sample.all,122,0.9025
dea_sample.all,123,0.5505
dea_sample.all,124,0.8827
dea_sample.all,125,0.6061
dea_sample.all,126,0.6975
dea_sample.all,127,0.5955
dea_sample.all,128,0.8056
dea_sample.all,129,0.7209
dea_sample.all,130,0.7514
dea_sample.all,131,0.8283
dea_sample.all,132,0.7078
dea_sample.all,133,0.9896
dea_sample.all,134,0.8047
dea_sample.all,135,0.9025
dea_sample.all,136,0.8424
dea_sample.all,137,0.7993
dea_sample.all,138,0.7093
dea_sample.all,139,0.834
dea_sample.all,140,0.6142
dea_sample.all,141,0.8172
dea_sample.all,142,0.9202
dea_sample.all,143,0.6731
dea_sample.all,144,0.6642
dea_sample.all,145,0.6452
dea_sample.all,146,0.7185
dea_sample.all,147,0.7804
dea_sample.all,148,0.8846
dea_sample.all,149,0.8778
dea_sample.all,150,0.7427
dea_sample.all,151,0.8165
dea_sample.all,152,0.6839
dea_sample.all,153,0.7454
dea_sample.all,154,0.8792
dea_sample.all,155,0.719
dea_sample.all,156,0.738
dea_sample.all,157,0.7352
dea_sample.all,158,0.8041
dea_sample.all,159,0.6319
dea_sample.all,160,0.5648
dea_sample.all,161,0.767
dea_sample.all,162,0.4601
dea_sample.all,163,0.7931
dea_sample.all,164,0.7571
dea_sample.all,165,1.0
dea_sample.all,166,0.6587
dea_sample.all,167,0.6904
dea_sample.all,168,0.6425
dea_sample.all,169,0.8121
dea_sample.all,170,0.9107
dea_sample.all,171,0.7123
dea_sample.all,172,0.7429
dea_sample.all,173,0.781
dea_sample.all,174,0.9352
dea_sample.all,175,0.7968
dea_sample.all,176,1.0
dea_sample.all,177,0.7647
dea_sample.all,178,0.5413
dea_sample.all,179,0.7717
dea_sample.all,180,0.6107
dea_sample.all,181,0.5684
dea_sample.all,182,0.8012
dea_sample.all,183,0.611
dea_sample.all,184,0.7128
dea_sample.all,185,0.6248
dea_sample.all,186,0.7742
dea_sample.all,187,0.9113
dea_sample.all,188,0.7296
dea_sample.all,189,0.9297
dea_sample.all,190,0.764
dea_sample.all,191,0.8536
dea_sample.all,192,0.8449
dea_sample.all,193,0.5449
dea_sample.all,194,0.7319
dea_sample.all,195,0.8183
dea_sample.all,196,0.6167
dea_sample.all,197,0.6369
dea_sample.all,198,0.7825
dea_sample.all,199,0.7944
dea_sample.all,200,0.6899
dea_sample.all,201,0.6779
dea_sample.all,202,0.6508
dea_sample.all,203,0.8473
dea_sample.all,204,0.5391
dea_sample.all,205,0.7065
dea_sample.all,206,0.6636
dea_sample.all,207,0.7107
dea_sample.all,208,0.7642
dea_sample.all,209,0.7186
dea_sample.all,210,1.0
dea_sample.all,211,0.7561
dea_sample.all,212,0.7447
dea_sample.all,213,0.5721
dea_sample.all,214,0.8136
dea_sample.all,215,0.6617
dea_sample.all,216,0.6899
dea_sample.all,217,0.643
dea_sample.all,218,0.96
dea_sample.all,219,0.6129
dea_sample.all,220,0.5483
dea_sample.all,221,0.9024
dea_sample.all,222,0.6337
dea_sample.all,223,0.6669
dea_sample.all,224,0.7953
dea_sample.all,225,0.7262
dea_sample.all,226,0.6589
dea_sample.all,227,0.777
dea_sample.all,228,0.7123
dea_sample.all,229,0.784
dea_sample.all,230,0.6712
dea_sample.all,231,0.7045
dea_sample.all,232,0.6171
dea_sample.all,233,0.6931
dea_sample.all,234,0.7782
dea_sample.all,235,0.8705
dea_sample.all,236,0.7133
dea_sample.all,237,0.7657
dea_sample.all,238,0.7515
dea_sample.all,239,0.6758
dea_sample.all,240,0.9735
dea_sample.all,241,0.5938
dea_sample.all,242,0.7485
dea_sample.all,243,0.7681
dea_sample.all,244,0.6765
dea_sample.all,245,0.7964
dea_sample.all,246,0.7098
dea_sample.all,247,0.8729
dea_sample.all,248,0.752
dea_sample.all,249,0.7041
dea_sample.all,250,0.784
dea_sample.all,251,0.7607
dea_sample.all,252,0.5732
dea_sample.all,253,0.8639
dea_sample.all,254,0.6806
dea_sample.all,255,0.7257
dea_sample.all,256,0.6809
dea_sample.all,257,0.8941
dea_sample.all,258,0.8234
dea_sample.all,259,0.5759
dea_sample.all,260,0.8973
dea_sample.all,261,0.6556
dea_sample.all,262,0.6105
dea_sample.all,263,0.49
dea_sample.all,264,0.6903
dea_sample.all,265,0.8223
dea_sample.all,266,0.8642
dea_sample.all,267,0.9098
dea_sample.all,268,0.9499
dea_sample.all,269,0.7061
dea_sample.all,270,0.7989
dea_sample.all,271,0.5984
dea_sample.all,272,0.6933
dea_sample.all,273,0.7472
dea_sample.all,274,0.6001
dea_sample.all,275,0.7809
dea_sample.all,276,0.6754
dea_sample.all,277,0.5099
dea_sample.all,278,0.7034
dea_sample.all,279,0.7986
dea_sample.all,280,0.566
dea_sample.all,281,0.8187
dea_sample.all,282,0.895
dea_sample.all,283,0.8332
dea_sample.all,284,0.6189
dea_sample.all,285,0.7948
biblio.wos,2000,85.0
biblio.cnki,2000,210.0
biblio.wos,2001,85.0
biblio.cnki,2001,210.0
biblio.wos,2002,172.4321
biblio.cnki,2002,258.8437
biblio.wos,2003,172.4321
biblio.cnki,2003,258.8437
biblio.wos,2004,197.8581
biblio.cnki,2004,376.2133
biblio.wos,2005,200.0452
biblio.cnki,2005,389.6962
biblio.wos,2006,232.4605
biblio.cnki,2006,463.3964
biblio.wos,2007,267.6165
biblio.cnki,2007,463.3964
biblio.wos,2008,273.4609
biblio.cnki,2008,492.8551
biblio.wos,2009,379.3053
biblio.cnki,2009,534.0614
biblio.wos,2010,420.0
biblio.cnki,2010,640.0
biblio.wos,2011,506.9552
biblio.cnki,2011,695.5344
biblio.wos,2012,551.1004
biblio.cnki,2012,695.5344
biblio.wos,2013,659.5854
biblio.cnki,2013,856.0363
biblio.wos,2014,735.392
biblio.cnki,2014,1099.3742
biblio.wos,2015,980.0
biblio.cnki,2015,1500.0
biblio.wos,2016,1224.6745
biblio.cnki,2016,2422.3178
biblio.wos,2017,1580.7316
biblio.cnki,2017,3600.0
biblio.wos,2018,1991.7095
biblio.cnki,2018,4772.5959
biblio.wos,2019,2388.5186
biblio.cnki,2019,5819.5027
biblio.wos,2020,2900.0
biblio.cnki,2020,6800.0
biblio.wos,2021,3507.2157
biblio.cnki,2021,7585.7084
biblio.wos,2022,4176.1218
biblio.cnki,2022,8259.202
biblio.wos,2023,4900.0
biblio.cnki,2023,8900.0
biblio.wos,2024,5599.0751
biblio.cnki,2024,9432.5552
biblio.wos,2025,6400.0
biblio.cnki,2025,9800.0
industry.scale,2018,1050.0
industry.scale,2019,1290.0
industry.scale,2020,1520.0
industry.scale,2021,3031.0
industry.scale,2022,5080.0
industry.scale,2023,5784.0
industry.scale,2024,6000.0
industry.scale,2025,7000.0
majors.cum,2018,35.0
majors.cum,2019,215.0
majors.cum,2020,345.0
majors.cum,2021,440.0
majors.cum,2022,495.0
majors.cum,2023,533.0
majors.cum,2024,573.0
majors.cum,2025,626.0
regions.share,北京,22.4
regions.share,上海,15.8
regions.share,深圳,12.6
regions.share,杭州,9.7
regions.share,广州,6.4
regions.share,南京,4.2
regions.share,成都,3.8
regions.share,苏州,3.1
