p_a,ai_share,A,theta_j,m,pi,promo_years,e_j,e_s,H_j,emp_rate_j,u_rate_j,u_rate_s,throughput,mentoring,w_j,w_s,wage_ratio,U_j,U_s,Y,welfare,U_total,plan_m,plan_mentoring,plan_welfare,plan_throughput,wedge_mentoring,wedge_throughput,welfare_gap_pct
0.38236245070993796,0.25000000000001754,0.026336834658507557,6.01302033594239,0.011315005283926574,0.2860000000000042,3.496503496503445,0.07901050397551529,0.8650133183642718,0.04195457761099896,0.8219999999999983,0.17800000000000168,0.0430000000000004,0.022597004136997705,0.0008940042699686571,0.3549456181080046,0.6034075507836079,1.7,8.138238828607253,8.816117953739411,1.0000000000000027,0.9804619879888544,0.055976177660212914,0.27708791507220076,0.006503720530588767,0.9941375326395376,0.024126562491242787,6.2748204332589825,0.06768854601131657,1.3948062054639054
0.37806087313945114,0.3024487737613696,0.03278407869414594,5.580442223632757,0.012737324188799016,0.29987165028159574,3.3347600517119433,0.07561139696419612,0.8679146462896132,0.041198506643978436,0.8125764584327713,0.1874235415672287,0.0430387458279558,0.02267371438775033,0.0009630868755009398,0.35347975623634936,0.6026585835831675,1.704930969739065,8.144668402290357,8.80504064559508,1.0030559107593187,0.9815642717841863,0.0564739567461906,0.28118811492356643,0.006562256615652306,0.9945002643626932,0.024130102233198045,5.813774315259997,0.06423243322825578,1.3178956233801387
0.37375929556896437,0.34852048941751657,0.03888280318987781,5.184074146066012,0.01415902695632774,0.3128365531200205,3.196557403623954,0.0726825261681257,0.870336805615298,0.04054496986968293,0.8032109289753561,0.19678907102464396,0.04307069858832805,0.022737750958492137,0.0010291138472684883,0.3519430997955138,0.6020424574992163,1.7106244101646413,8.149070789441664,8.795928378768325,1.0058238203359198,0.9825413193572862,0.056980668216576255,0.2852904856805186,0.006620485819171086,0.9948768836101267,0.024133572495670705,5.4331908823726565,0.061387845250246764,1.255475368802772
0.36945771799847754,0.38944607179668583,0.04473327433495323,4.820193766862748,0.015574218401628152,0.3249874819806542,3.0770415952806696,0.07013057351072917,0.8723722611060657,0.03997354900523967,0.793892133383161,0.206107866616839,0.04309718300615911,0.02279155849511104,0.001092228868487534,0.3503352610231212,0.6015328187989439,1.7170204821582158,8.151789210917416,8.78839122873708,1.008367923733951,0.9834200085668388,0.05749716538320515,0.28939497686823573,0.006678413651555323,0.9952679272977644,0.024136975557604023,5.114481904148229,0.05903137614663723,1.2047668979393578
0.36515614042799077,0.42614298541779905,0.050411993138523604,4.485678314797455,0.01697772516714332,0.3363999544286417,2.9726520079304097,0.06788631250904839,0.8740896718255466,0.03946909899908923,0.7846141895792111,0.2153858104207888,0.0431191789518988,0.022836952434372407,0.0011525551563894272,0.34865550272772144,0.6011102695458952,1.724080832922707,8.153081109060741,8.782142206309517,1.0107361989354005,0.9842203354396716,0.05802401566540499,0.293501540005207,0.0067360454596531805,0.9956739618842946,0.024140313595754095,4.844445207077963,0.05707246468753735,1.1637258479836765
0.36085456285750395,0.459310905882997,0.0559791459786528,4.177865027503497,0.018364939397781273,0.347136218747963,2.880713523949647,0.06589722416987727,0.875541241190891,0.03902013314593803,0.7753757509589623,0.22462424904103775,0.043137428758649815,0.022875313224318072,0.0012101985283618035,0.34690283929284016,0.6007601783059435,1.7317822463793908,8.153144299292526,8.776964854534397,1.0129654705603197,0.9849575877416847,0.05856153463923173,0.29761012850449964,0.006793386433523365,0.9960955852852241,0.024143588690600685,4.613447937934031,0.05544297705765833,1.1308098624912999
0.3565529852870172,0.4894941201103546,0.06148347661453566,3.8944507532031105,0.01973171338814769,0.3572481990344672,2.7991743630974057,0.06412268306859688,0.8767675119003387,0.03861777039532037,0.7661793578292792,0.23382064217072082,0.04315250693632827,0.022907713043514157,0.0012652504039885842,0.345076118608931,0.6004712663789888,1.7401124969169277,8.152134303844417,8.772692325572212,1.0150847055025052,0.9856437555637514,0.05910980503106442,0.30172069758172454,0.006850441612863759,0.9965334289401636,0.024146802831853373,4.414297115628953,0.054090505935075806,1.1048285260209179
0.35225140771653035,0.517123454959855,0.06696557306223916,3.6334181688958376,0.021074288707652416,0.3667797066641599,2.7264321930320023,0.0625307250073152,0.8778005884941028,0.03825502860247253,0.757030926781134,0.24296907321886593,0.04316486685034308,0.022935000975680315,0.0013177905519029813,0.3431740910324924,0.6002346660533462,1.7490675483322393,8.15017617373703,8.769193444237995,1.0171172242022715,0.9862884757078706,0.05966868649858194,0.30583320416878895,0.006907215893111657,0.9969881600473521,0.024149957923585996,4.241512684346656,0.05297392178853588,1.0848432890592452
0.3479498301460435,0.5425451938714863,0.0724601488430897,3.392980573246505,0.022389249194049568,0.37576812757208766,2.6612155918097637,0.061095819694811426,0.8786663602898114,0.03792633759442994,0.7479393262094645,0.2520606737905355,0.04317487281352977,0.022957861769201168,0.0013678895318618544,0.34119546922355104,0.6000432760729808,1.7586496017619533,8.147372754974016,8.766363170430635,1.0190822246602358,0.9868996815006948,0.06023782001537716,0.3099476068331304,0.006963714031237235,0.9974604839809194,0.024153055789028155,4.090845327077562,0.05206033697050927,1.0700988842316406
0.34364825257555676,0.5660414824095434,0.07799766852701664,3.1715399552693806,0.023673490687190085,0.3842457287991336,2.60250127730829,0.05979730048301718,0.8793860699989029,0.03762719592265688,0.7389160019537043,0.2610839980462957,0.04318282266385693,0.02297685730431772,0.0014156108361038143,0.3391389811915975,0.5998913099856189,1.7688656959392959,8.143810592482055,8.764115916098595,1.0209958579309577,0.9874840607851583,0.06081662951807998,0.31406386570201356,0.007019940651249006,0.9979511469080584,0.0241560981750421,3.958948089554039,0.05132298360501997,1.0599751974302851
0.33934667500506993,0.5878450232860002,0.0836055354732306,2.9676547579263666,0.024924202492726703,0.39224068354607894,2.549455071716251,0.05861823467265457,0.8799774425482687,0.03735392393106687,0.7299746283418118,0.27002537165818824,0.04318896396791524,0.022992456436266493,0.0014610127507474159,0.337003417836087,0.5997739731242229,1.7797266774782183,8.139564220201734,8.76238076579687,1.0228720030614284,0.9880473855077136,0.06140432277907675,0.31818194239152564,0.007075900249428578,0.9984609386251618,0.02415908675630948,3.8431474987529937,0.050739699052026355,1.0539528032956769
0.33504509743458316,0.6081498519407753,0.08930898127828604,2.7800148586411164,0.026138856891429994,0.3997778841251718,2.50138899551256,0.05754459599921596,0.8804555109856183,0.037103482851212274,0.7211307683482191,0.2788692316517809,0.04319350584726432,0.023005056831404382,0.0015041499596986608,0.3347876755491159,0.5996872275463048,1.7912464267470505,8.134699318141541,8.761097998822528,1.0247228356969542,0.9885947531114861,0.061999893015165834,0.32230179993992103,0.007131597199310801,0.9989906956340684,0.024162023139250758,3.741280716943632,0.05029182567664825,1.0515878715583238
0.33074351986409634,0.6271193667010312,0.09513174854526774,2.607422012106633,0.027315203871317046,0.4068795918716071,2.4577295592538713,0.05656464865852046,0.8808332289288436,0.03687334008187719,0.7124015331149891,0.2875984668850109,0.043196627729184485,0.023015001160539655,0.0015450749100169067,0.3324907939622244,0.5996276185321143,1.8034412664076358,8.129275052268643,8.760216522235348,1.0265592518379207,0.9891307658571806,0.0626021224126359,0.3264234027450548,0.0071870357564251,0.9995413044819401,0.024164908865698075,3.6515775447718957,0.04996339983375675,1.052493662527798
0.32644194229360957,0.6448924003639797,0.10109662857111094,2.4487744844698636,0.028451268850813054,0.41356595912611427,2.4179939812093103,0.05566848218853149,0.8811219293374148,0.036661367365585236,0.7038052363230005,0.29619476367699954,0.04319848588923368,0.023022589229395034,0.0015838389532626073,0.33011198861256624,0.5995921451148618,1.8163295057380335,8.123345809348,8.759691955387302,1.0283911877825715,0.9896596654290843,0.06320958847405364,0.3305467165054085,0.007242220062809215,1.0001137053909543,0.024167745416340435,3.5725735232680718,0.04974054723103327,1.0563267683883604
0.32214036472312274,0.6615878713043577,0.1072258963104227,2.3030549371821722,0.029545351599077153,0.4198554487802185,2.3817721144390087,0.054847655762139964,0.8813316704031119,0.036465762786280505,0.6953610431418794,0.3046389568581206,0.04319921837613691,0.02302808712455621,0.0016204932738775753,0.32765067814220133,0.5995781627551864,1.829931090498057,8.11696247256934,8.759485190043826,1.030227864240989,0.990185434618894,0.06382067383474818,0.33467170816487096,0.007297154151314333,1.000708896206991,0.02417053421395906,3.503045010395777,0.04961102862011435,1.062776851706304
0.3178387871526359,0.677308388941179,0.11354167239925404,2.1693208468396112,0.030596024915955432,0.42576517024271504,2.348712553048743,0.054094923061716406,0.8814714969979363,0.036284990276758806,0.6870886168610508,0.3129113831389492,0.04319894872957622,0.023031734126638257,0.0016550896138229673,0.3251065056046789,0.5995833099246717,1.844267338820188,8.110173341044952,8.75956130423749,1.032077974123475,0.9907118742892175,0.06443357994034739,0.33879834586051655,0.007351841949706961,1.0013279366999026,0.02417327662646853,3.4419600535861576,0.049563897080158625,1.071559015914847
0.31353720958214915,0.6921430791185217,0.12006623366482046,2.0466969083848974,0.03160213195038303,0.431311146134504,2.3185118422331494,0.05340401733838355,0.881549637944321,0.03611773217430913,0.6790077688353873,0.32099223116461273,0.04319778878262747,0.023033747926405133,0.0016876808026081399,0.32247935351455737,0.5996054527685963,1.859360750490741,8.10302476854281,8.759888743592636,1.0339498279081127,0.9912426614723916,0.06504634471729555,0.342926598873506,0.007406287284583764,1.0019719532517748,0.02417597396977866,3.3884407958768605,0.04958923953770089,1.0824081929086793
0.3092356320116623,0.7061698204748919,0.12682228791502445,1.93436898550953,0.03256278133350325,0.43650852092243314,2.290906023751363,0.05276948199343438,0.8815736538947543,0.03596285162318843,0.6711381190547125,0.32886188094528745,0.04319584076110835,0.023034328534797012,0.001718321103234441,0.3197693524175033,0.5996426436246516,1.8752348813019917,8.095561578804533,8.760438707633956,1.0358514667470526,0.9917813929123243,0.06565686411181128,0.3470564375827835,0.0074604938851086005,1.0026421439739548,0.024178627510490883,3.3417344238312134,0.04967798275366375,1.0950750981260526
0.3049340544411755,0.7194570312598833,0.1338332249702544,1.8315792587999284,0.0334773395892054,0.44137172061969765,2.2656639591589,0.052186535981822484,0.8815505468873671,0.03581936249502528,0.6634987754550479,0.33650122454495207,0.04319319883809727,0.02303366117947875,0.001747066387047758,0.3169768829563371,0.5996930902620292,1.8919142767412338,8.087827303034738,8.761184694688048,1.0377907509345337,0.9923316173266539,0.06626291713081041,0.3511878334213457,0.007514465386581476,1.003339784298545,0.02418123846844146,3.3011905227480396,0.049821749135787075,1.1093234136333452
0.3006324768706887,0.7320651097104826,0.14112335327738193,1.7376222890666357,0.034345420557307264,0.4459145712812889,2.2425820199743742,0.05165096611777879,0.881486840077185,0.03568640511152955,0.6561080400628789,0.3438919599371211,0.043189950264704804,0.02303191841267371,0.0017739741535063407,0.3141025716374139,0.5997551334529128,1.9094244606989195,8.079864277338817,8.762102170050305,1.0397754296162758,0.9928968589719253,0.06686219380503619,0.35532075883492936,0.007568205333849214,1.004066233095691,0.024183808019103355,3.266243292716701,0.05001275125201032,1.124927934139186
0.29633089930020196,0.7440476051236992,0.14871812965489442,1.6518417668705367,0.03516687181572321,0.4501503830683217,2.2214798378794773,0.05115904034173474,0.8813886343342915,0.035563226490964654,0.6489831492813924,0.3510168507186075,0.043186176172044566,0.02302926160723962,0.001799103413913198,0.3111472807347472,0.5998272310126538,1.9277919755435884,8.071713632475195,8.763168329846483,1.0418131963995523,0.9934806346161346,0.0674523253239738,0.3594551872429247,0.007621717184566504,1.0048229393743764,0.024186337295857556,3.2363974886738953,0.050243716379260395,1.1416734622738067
0.29202932172971513,0.7554521779315179,0.15664438850969561,1.5736277637350593,0.035941758307495235,0.4540920059655226,2.202196882708228,0.050707437437248065,0.8812616470879747,0.03544916415537698,0.6421400542287536,0.3578599457712463,0.04318195212036462,0.023025841983251215,0.0018225144607620055,0.3081120929826612,0.5999079468221638,1.9470444701303016,8.063415204223327,8.764361938600814,1.043911734646516,0.9940864656811944,0.06803091547477723,0.36359109300137077,0.007675004312315864,1.0056114496317414,0.024188827392143987,3.2112172372596115,0.050507834186420464,1.1593542763555842
0.2877277441592283,0.766321393248529,0.16493057607660605,1.5024143384568862,0.036670343556556635,0.4577518626810783,2.1845896904557502,0.050293189734557604,0.881111237805539,0.035343632766133205,0.6355932452051212,0.3644067547948788,0.04317734845714658,0.02302180128116663,0.0018442685461213147,0.30499829188106153,0.599995943627949,1.967210832321402,8.055007389268257,8.765663222692458,1.0460787555811435,0.9947178870597839,0.06859557245990333,0.3677284513678706,0.0077280700095942135,1.00643341592429,0.024191279363501305,3.19031709121057,0.05079872196149071,1.177774021852085
0.28342616658874153,0.7766933820729197,0.17360699475447133,1.4376773847568187,0.03735306898616874,0.4611419637534615,2.1685296039000823,0.04991363611678831,0.8809424237124712,0.035246113025584606,0.6293556223030556,0.3706443776969444,0.043172430534747765,0.023017272176971464,0.0018644274932209173,0.3018073385567507,0.6000899786345428,1.9883213625758283,8.04652696834742,8.767053805127242,1.0483220318353954,0.9953784539028331,0.06914394017074049,0.3718672384680882,0.00778091749067102,1.0072906047439116,0.024193694229504573,3.173354833568234,0.051110402809161126,1.1967459004533998
0.2791245890182547,0.7866023965819116,0.18270606237678813,1.3789326349786841,0.03799053193265264,0.4642739093814541,2.153900918818132,0.04956638323323783,0.8807598887141626,0.03515614240973794,0.6234384120921086,0.3765615879078914,0.04316725882902915,0.023012378517594686,0.0018830532650084201,0.2985408461828359,0.6001889010829276,2.0104079852287713,8.038008915286404,8.768516669696606,1.0506494286530041,0.996071747494857,0.06967372805259957,0.37600743126412295,0.007833549894330502,1.008184906792615,0.024196072975609075,3.160025656149177,0.051437293068570256,1.216093050347311
0.2748230114477679,0.7960792800876453,0.1922625912167401,1.3257337589682126,0.03858346297612866,0.46715888196023564,2.14059935198903,0.04924927327441047,0.880567987925223,0.03507330739245828,0.6178511283846555,0.38214887161534444,0.04316188899257448,0.02300723544022771,0.0019002075119844593,0.29520055295619,0.6002916511596048,2.0335044943113387,8.029486207396356,8.770036144830215,1.0530689346305164,0.9968013811734963,0.07018273880036655,0.380149007524061,0.007885970286497223,1.009118347762496,0.024198416554908078,3.150057420971672,0.05177419589481014,1.2356490291475675
0.2705214338772811,0.8051518677245397,0.20231409166000164,1.2776705177826222,0.03913270319455092,0.4698076327448184,2.1285307651507694,0.048960357012354655,0.8803707497261776,0.03499723689434237,0.6126015734685428,0.38739842653145723,0.043156371869305724,0.02300194942631551,0.0019159511192637247,0.29178829457664057,0.6003972597123877,2.057646831184616,8.020989649551568,8.771597899391962,1.0555886935882703,0.9975710071022555,0.07066889326146783,0.3842919457929074,0.007938181662755549,1.0100931002420144,0.024200725889812112,3.143206777533077,0.05211629854838007,1.2552583275383
0.26621985630679434,0.8138453304813332,0.21290110577199742,1.2343669485975668,0.039639181895918404,0.4722304654857642,2.11761009313819,0.048697871082832155,0.8801718768375132,0.03492759674490544,0.6076958749626318,0.3923041250373683,0.0431507534912629,0.022996618329611564,0.0019303437697963687,0.2883059770715236,0.6005048483641815,2.0828733918867277,8.012547721189666,8.773188944372905,1.0582170389214458,0.9983843245711145,0.07113025207965464,0.3884362253647158,0.007990186950768178,1.0111114968864527,0.024203001873656975,3.139255958336923,0.05245917146400658,1.274776857179294
0.2619182787363075,0.8221824725190255,0.2240675764360096,1.1954795702643088,0.040103895305835954,0.47443721930933574,2.107760435523492,0.048460218701127225,0.8799747475228457,0.03486408498946123,0.6031385526529038,0.39686144734709616,0.04314507507304875,0.02299133140768507,0.0019434435372879199,0.28475555067904224,0.6006136297174081,2.109225362895139,8.004186452588815,8.774797635933998,1.0609625315801543,0.9992450903800622,0.07156503377602712,0.3925818262555731,0.008041989012596468,1.0121760450099035,0.02420524537224713,3.138010113645536,0.05279876763275637,1.2940723706656554
0.2576167011658207,0.8301839896483384,0.2358612583536507,1.1606956086831017,0.040527886594130355,0.4764372525677476,2.098912279865865,0.04824595317371239,0.8797824177053036,0.03480642790515528,0.5989326092890663,0.4010673907109337,0.04313937301487261,0.022986169377595737,0.0019553065188499395,0.28113898535639265,0.600722907429649,2.1367470849627206,7.995929334168261,8.776413676551401,1.0638340026684021,1.0001571317582956,0.07197162912098393,0.3967287291774829,0.008093590646930134,1.013289442778678,0.02420745722534144,3.1392950767077554,0.053131421233503895,1.3130247841452336
0.2533151235953339,0.8378686952362279,0.24833417799098925,1.1297312478803925,0.040912227524549115,0.47823942888423393,2.0910028316424474,0.04805376370311374,0.8795976245038537,0.03475437661637794,0.5950796393205924,0.4049203606794076,0.04313367892120536,0.022981204509115047,0.001965986514032709,0.2774582483274962,0.6008320760159762,2.1654864457544893,7.987797260309824,8.77802811212535,1.066840601534946,1.0011243621893526,0.07234861179303258,0.40087691551285637,0.008144994591229237,1.0144545972123236,0.02420963824808765,3.142955474563202,0.05345384479239845,1.3315263843763692
0.2490135460248471,0.8452537185669071,0.261543150546256,1.1023299168434764,0.0412580019135151,0.47985210617587376,2.0839754314498795,0.04788246309043007,0.8794227914679736,0.034707704219986785,0.5915799498574357,0.40842005014256433,0.04312801963887735,0.02297650076283141,0.0019755347538087803,0.2737152839400747,0.6009406202958054,2.1954953031682773,7.979808507349532,8.779633323835467,1.0699918501559862,1.002150800451653,0.07269474544159633,0.40502636728945773,0.008196203523783018,1.0156746442290223,0.024211789232411997,3.148853118367545,0.05376312443446074,1.3494819114323153
0.2447119684543603,0.8523546797168511,0.2755503632371307,1.0782606242609833,0.04156629099395758,0.481283129065127,2.077779044410843,0.04773097702449311,0.8792600356078695,0.034666203346684514,0.588432688673731,0.41156731132626895,0.04312241731586103,0.022972113975683727,0.0019839996804259844,0.2699119959707356,0.6010481144524498,2.226829942443968,7.971978743955642,8.781223014270282,1.07329770458066,1.0032405931459967,0.07300898736763739,0.40917706715562935,0.00824722006568973,1.0169529710079455,0.024213910948370634,3.1568656220342586,0.054056713021769065,1.3668085158863974
0.2404103908838735,0.8591858442519815,0.29042403569665054,1.057316353831336,0.04183816070211422,0.4825398247902719,2.072367810127659,0.047598334713208214,0.8791111761795465,0.0346296840975562,0.5856359747533078,0.4143640252466922,0.04311688947995348,0.02296809209282021,0.0019914267768842272,0.2660502324049648,0.601154220712651,2.259551571440134,7.9643210710724555,8.782792187937552,1.076768624225595,1.0043980409668283,0.07329048910724528,0.4133289983554867,0.008298046782759803,1.0182932409830774,0.024216004145469015,3.1668852096801023,0.05433242115216452,1.3834355952022426
0.2361088133133867,0.8657602604692063,0.30623917007648216,1.0393125321769332,0.04207465084100796,0.4836290024932299,2.0677006441812775,0.04748366066480547,0.8789777450844185,0.034597972304924195,0.583187027629789,0.416812972370211,0.04311144913520158,0.022964475442046887,0.0019978584431245942,0.2621317726280377,0.6012586876830674,2.293726859796761,7.956846087937777,8.784337126700416,1.0804156498640354,1.0056276289822776,0.073538594250776,0.4174821447040355,0.008348686187347918,1.0196994218323012,0.024218069553956074,3.178817681542446,0.05458840612635618,1.3993045183399166
0.2318072357428999,0.8720898814461667,0.3230784056491499,1.024085580050661,0.04227676602509254,0.48455695559702894,2.0637408842225513,0.047386167467323305,0.8788609986769693,0.03457090807487138,0.5810822925413602,0.41891770745863977,0.04310610487277344,0.022961297045377155,0.0020033339148418793,0.25815831689389956,0.6013613484013405,2.329428529116472,7.949561980318151,8.78585536099121,1.0842504912590782,1.0069340612188313,0.07375283385570741,0.4216364905616336,0.00839914074011305,1.021175816883625,0.024220107886099938,3.19258151518689,0.054823159085267026,1.4143682504448085
0.22750565817241308,0.8781856738006129,0.34103299535408815,1.0114915557631166,0.042445468274986776,0.48532946687282047,2.060455975285028,0.047305149446390284,0.8787619307345914,0.034548344575521334,0.5793175591545379,0.4206824408454621,0.04310086099238567,0.022958582961155695,0.0020078892200702672,0.25413147789028806,0.6014621181734867,2.366736002822704,7.942474626999621,8.78734563786329,1.088285625539006,1.008322299899326,0.07393291981901827,0.4257920208077909,0.008449412851712593,1.0227271004290541,0.024222119837452233,3.208107084422168,0.05503549058033563,1.4285908911432665
0.22320408060192629,0.8840577147735484,0.3602039249508768,1.0014048978596883,0.04258167110828268,0.4859518157304971,2.0578171901606552,0.04723997710606428,0.8786812863259778,0.03453014704074483,0.5778880722803668,0.4221119277196333,0.04309571763003976,0.02295635264975905,0.002011557168293233,0.2500527741869385,0.6015609922778538,2.405736126039254,7.935587720660079,8.788807887066634,1.092534407608794,1.0097976097577896,0.07407873656795798,0.42994872081376084,0.008499504884430256,1.024358357517994,0.024224106088108457,3.225335982691419,0.05522451487356417,1.441947140645028
0.2189025030314395,0.8897152790185406,0.38070319934879754,0.9937172722309586,0.042686234960289185,0.48642878723812766,2.055799381607029,0.0471900922767632,0.8786195763131469,0.03451619196364822,0.5767886335916179,0.4232113664083821,0.04309067088759437,0.022954619355841258,0.002014367366723642,0.2459236253378795,0.6016580436200201,2.4465239677293704,7.928902899481817,8.790243186395548,1.0970111941379121,1.011365607951999,0.0741903314100899,0.43410657641358796,0.008549419153740152,1.026075128898785,0.02422606730397239,3.244220441103421,0.05538963327691104,1.4544217077514299
0.2146009254609527,0.8951669162911086,0.402655325438342,0.9883365271765375,0.04275996376476172,0.48676468237244064,2.0543807638756855,0.047155003909663505,0.8785770922322979,0.034506366458226155,0.5760136938424946,0.42398630615750543,0.04308571295973438,0.022953390500358554,0.0020163462585044084,0.2417453484042627,0.601753420424501,2.4892037195198013,7.922419886189827,8.79165372757803,1.1017314829666425,1.0130323202156253,0.07426790385803864,0.43826557387308973,0.008599157929807645,1.0278834618924015,0.024228004138033284,3.264722833957065,0.05553051683823429,1.4660086732094735
0.2102993478904659,0.9004205210765011,0.42619902655852576,0.9851857585477495,0.04280360252748502,0.4869633290188219,2.053542721614975,0.047134284469283756,0.8785539213166181,0.03450056777105709,0.5755574354926211,0.42444256450737894,0.04308083225398501,0.022952668076082573,0.002017517177840632,0.23751915566857548,0.6018473440487355,2.5338897081990672,7.91613663158533,8.793042783970932,1.1067120701389914,1.0148042440389624,0.07431179421409811,0.4424256998562666,0.008648723438927971,1.0297899681204503,0.024229917231664923,3.286815266765056,0.05564708866736434,1.4767108207829338
