i,err,r,omega,delta_j,delta_s,phi,eta,rho,psi,wedge_mentoring,wedge_throughput,welfare_gap_pct,gain_s_m,gain_s_v,gain_s_w,gain_t_a
2,8.104628079763315e-14,0.03225225191175466,0.028661917248404882,0.22746170488770062,0.10069932453113034,0.10586151370942228,0.527808869499448,0.3548160820760246,0.5353113020492273,6.266824730744143,0.09617923677162943,1.9422864603968915,1.2019923477823102,0.1008881859872579,-0.5058823066720342,
5,2.2204460492503377e-14,0.03938474987552502,0.03172726147040984,0.22649062676966447,0.10863344169917702,0.16933736400843502,0.5357398405767402,0.38214877475857334,0.32998872577440436,14.982243216596181,0.08657724116794419,1.7154514532548015,1.0824114628616766,0.06255178779999149,-0.32654742714223195,
7,2.6645352591004114e-14,0.03703561836894035,0.023460661564189397,0.22870019803046449,0.08952250502114628,0.20318306369861056,0.4396845902569707,0.37354719706946515,0.3220274790381151,7.243756787176217,0.054943173501377895,1.1699187068144434,0.5837856468746017,0.038424667491643305,-0.11062188594228584,
9,6.217248937900858e-15,0.0435140701705945,0.021925332701581073,0.2537276159214688,0.07218454811897577,0.2583626580819749,0.411676984616031,0.4068700043659932,0.3847371396534014,3.969625084178536,0.052063691271192036,1.2550079467510855,0.4344323363314473,0.03558938409169432,-0.06668000715014388,
10,6.328271240363593e-14,0.04798797828203016,0.026953729307648354,0.2774479276619497,0.105836336142222,0.21407242612946148,0.4877610835952354,0.513880507217405,0.3400783968033886,9.627920855886416,0.07058148031611289,1.4709123588521944,0.8126268790793478,0.046568772573052364,-0.17455104376680186,
14,3.1974423109204e-14,0.031040855746268626,0.027162587277640548,0.17891601747976146,0.06833964160134953,0.24271589574658262,0.45574689072286173,0.6521534775197252,0.31372699903124673,5.182301409482499,0.0557215102557409,1.2121371873283104,0.43546307851027866,0.028929112329434403,-0.06917654128748563,
15,2.3980817331903094e-14,0.03605910707146323,0.022562609614080735,0.1912423561170841,0.07020335578315516,0.27036393081431753,0.5451568608925559,0.7274896901009134,0.25579135046883683,7.564023043993185,0.043055327067838434,0.9016357125968932,0.4683913559074826,0.02182428725816532,-0.08125315363277652,
18,4.6629367034256685e-15,0.048636264400322995,0.027837503366806786,0.27907424123354124,0.098582587893321,0.13337919807436743,0.458123176575274,0.5637194991261362,0.3967459130922282,6.2781541647791785,0.07519924268978406,1.5086162865480368,0.6993458083508264,0.04392119203875389,-0.1426868533507042,
20,2.8488322811885576e-13,0.035754155856119595,0.024365547858056204,0.26955246606319805,0.09945779744089883,0.10279696126463794,0.5784232293521482,0.43089333523427087,0.32532756334377544,11.401154183794793,0.06353813700904842,1.2176315216794187,0.7865125240953619,0.03452792931539772,-0.22044241130247944,
21,4.884981308350677e-15,0.046677983916173525,0.024572557764946525,0.17455486619315808,0.07231442591170012,0.15845784860268977,0.563951423022925,0.6488818282607081,0.3792076482236052,6.16053127715758,0.06251873015452003,1.2344169844738184,0.6041421682927872,0.03262296986781266,-0.1617002889673813,
22,5.151434834260859e-14,0.045035195437172465,0.02937024426574856,0.1798245749194379,0.09762197268434522,0.2296173501145197,0.4618587897478157,0.366734863699435,0.2606611818842649,13.166990513941803,0.06459877522533208,1.355643219065228,0.7771943543075865,0.048911478313029555,-0.16384766050632216,
23,4.7961634663805614e-14,0.039987927018040645,0.029184245415689057,0.22209312214783244,0.06543313749605281,0.26338584301381507,0.48282076771867316,0.41186326714884347,0.35173129131882963,4.467798733529267,0.063998385713538,1.409086803039994,0.43952140990768385,0.028130068509968353,-0.06726466460156288,
28,1.731947918415229e-14,0.04360189095744281,0.0226458166520696,0.21109155064141732,0.07763004296736392,0.10891477176814374,0.44773953024406105,0.479004026393377,0.2519177834159995,5.885188817613438,0.039411677013053925,0.7555119545565425,0.37908696472617187,0.020872692953965988,-0.05253430926254188,
32,7.70494779089829e-14,0.03359565602669443,0.020393410886324657,0.24157556099787755,0.08848400601223674,0.17893107063320074,0.46589713321887755,0.5351771004974955,0.3824325986545595,6.46523900800612,0.054259216217852124,1.145211445965133,0.620932121504425,0.042896502311284834,-0.15293589555268605,
33,3.9968028886504834e-14,0.052540563200713264,0.023089281349864738,0.2704843836732138,0.09839396414835488,0.1447002259494411,0.5727051518708605,0.42288820581031905,0.3704053328469959,9.308909686980547,0.06442607965975089,1.2829108222735863,0.8105768341426067,0.04072231668785786,-0.23438058092666303,
35,2.0095036745715535e-14,0.0525031160400765,0.028385558738614293,0.2577633264296987,0.08755052986159882,0.1564738659659199,0.4071428557433138,0.4658614048819565,0.30478661954818115,5.390452546984098,0.05771822778244995,1.183056960450224,0.460432060216287,0.029425919012804336,-0.05766961088307099,
38,2.908784324517868e-14,0.034044470770147814,0.025249861777092764,0.26289742896661245,0.08455874502697601,0.12010903221802288,0.43541614533267253,0.3643165619952129,0.3735171993797828,4.9938136884799835,0.06105495804316652,1.207067503474546,0.5005683741797773,0.03147531293681283,-0.08997714950200741,
39,6.650235917504909e-14,0.047582419652593674,0.022740174318330524,0.17682565594209454,0.10629312130474808,0.11116764952976488,0.43317432487719787,0.6120589099267146,0.36758176977530704,15.134427309026563,0.0675780762038729,1.4113722995753752,1.0695090926930106,0.13119983155140957,-0.4969078184179798,
40,7.882583474838643e-15,0.03007018789672541,0.02776755247108667,0.23748143776404856,0.10931409687801344,0.19855331603847404,0.5621260282966565,0.6204334155387395,0.28199910188119126,20.304396915238012,0.07147817316556448,1.435030666872139,1.0130188677921481,0.05521232997005576,-0.3487008739099906,
41,2.3425705819591078e-14,0.042573846864869626,0.031929288713864405,0.24535082049111878,0.09123921854858036,0.25602267859921934,0.42847228717820285,0.42009826941265677,0.3479028253988259,6.408105368303433,0.07674564963896557,1.6843686358928744,0.6302481108397373,0.04110217914512493,-0.10044255009381553,
42,5.7731597280508306e-15,0.03261239706620486,0.023502976861588937,0.2659221453266814,0.0686948221573506,0.23095554801097465,0.5391180499764809,0.6274160017329562,0.3091239549451718,5.686987107845424,0.04971017587048143,1.0229181486090422,0.44935204780287563,0.019720680840062954,-0.07141050062682286,
47,3.9857006584043915e-14,0.04326602648778322,0.026212773690502143,0.175738030336643,0.06800106724990646,0.1485107174676188,0.5460526132876635,0.3711044444321045,0.48563580411497076,4.173132367691131,0.07535169764157579,1.5144942651724058,0.6227987869948493,0.041574129938437565,-0.1937289775787554,
50,1.5543122344752072e-14,0.04718316178088641,0.02741247048773102,0.2598779232256926,0.08188834475845555,0.19768218297868628,0.40543669782870545,0.5711490679954759,0.2795056058448428,5.177043305256217,0.05100639761961978,1.090861117945785,0.41094714800054,0.026435170044258882,-0.04381444206563723,
51,2.3980817331903094e-14,0.04435152990991986,0.02681659043997814,0.20819297692707417,0.09818732890553192,0.22919740649078843,0.4814958289910273,0.4321080531156904,0.4257208530761124,8.157922048337683,0.08026908981626546,1.7430166777802514,0.9752561996645426,0.0776033674951826,-0.30301814635007585,
53,2.4202861936828706e-14,0.037519620656093836,0.021254954131151346,0.2490783775223835,0.08964768377005225,0.27986220485098856,0.4544587856845847,0.4409752713790002,0.4486938364341339,5.593333330684317,0.06288870454881357,1.4744528490970632,0.7396773041889348,0.060035966070337565,-0.19557250215976874,
54,1.756372824957152e-13,0.05337604739419159,0.025471470908290984,0.19243527824027443,0.10745144865053272,0.12403951184559456,0.5298823420086312,0.5574197985767075,0.35218838645615635,16.426092241834088,0.07420853402195382,1.4918116909185652,1.1077089634044635,0.09179055174686201,-0.4987428028506713,
55,1.9984014443252798e-15,0.045451515552814445,0.02092351017429091,0.22983832216412137,0.0882505223830871,0.1354475619757768,0.49390984089352064,0.4105653203954139,0.2611892898393832,8.637528185095212,0.042496608352160736,0.833877615301315,0.5038047583414862,0.02592985414198168,-0.09502348595520349,
56,1.9984014443253017e-14,0.03866045398198666,0.02707090858146048,0.22031263003057344,0.07717006010357187,0.18054374252610284,0.40158433180639674,0.5477049639933385,0.4061008396015289,4.0855286409854426,0.06666172522410863,1.4456236019599444,0.47574025375749507,0.039053984925718765,-0.08541422336835192,
57,2.975397705995464e-14,0.04908883616011102,0.020331721635956354,0.232415459336202,0.06916753737376322,0.12845951112361284,0.5269275580617526,0.42923446966190404,0.48305445893366855,3.7691219279009385,0.05810325687798534,1.1857114970383886,0.5427852122366517,0.03559919855686822,-0.15174495497183305,
59,2.453592884421626e-14,0.0546743905806544,0.030973032761778502,0.2260205107047359,0.06734594225941791,0.1681326228360922,0.5715506656244158,0.5751702466346766,0.2637623415599206,6.116805987778261,0.05584453309192061,1.0621697017509257,0.44390096462330053,0.01750620563463201,-0.059299701184190035,
60,6.328271240363412e-15,0.04524280976880474,0.03070382312241653,0.24102934602639797,0.08600232035183247,0.13830612039206974,0.575808761406238,0.4561526214004066,0.35440822682224354,7.788754636975719,0.07790636818205798,1.4817141827459857,0.7181525406651179,0.03008406730502511,-0.15935953229119226,
61,7.460698725480774e-14,0.03642832466675689,0.02833597778518697,0.25214511907991777,0.10142225582670482,0.2685505621526517,0.4493906262101405,0.4253867208161598,0.4460608767462073,6.924954840694577,0.08597844801551302,1.9444073576464271,0.951417271038002,0.07470229885448987,-0.24813697377128463,
65,2.9309887850103704e-14,0.03838402799155426,0.03025042236426484,0.18903196374989695,0.0783056014520274,0.21816342932340524,0.5652847621821249,0.47390877578888013,0.390472434756729,6.902998710599285,0.08056650701363943,1.6222985164280335,0.7342165141035695,0.03806363858278594,-0.19199979530671873,
66,1.6875389974302237e-14,0.037822714271039816,0.028269841136747936,0.2740265738709276,0.07078319409193154,0.26200883252107754,0.4196195457316953,0.5251959696461065,0.31491066183927263,4.280293568409017,0.05581970887727761,1.2823128849016152,0.38498654745258154,0.026749572805151445,-0.04072336638497598,
70,1.5543122344752072e-14,0.031627707266795105,0.020565877059840653,0.18402874054888557,0.10884331471120212,0.13987510949468646,0.5792511952399825,0.47174905746122897,0.4138330148003798,27.604988058323965,0.06989466402388511,1.4921892653068536,,0.25555064028834895,-0.6558721817926605,
74,1.3988810110276875e-14,0.04515685336642319,0.021022217034195226,0.2646369381614788,0.0893475722539988,0.11507244296781563,0.43761659740317466,0.38605188716846284,0.3182455670944421,6.0867015933849515,0.046790223849904944,0.928975033565238,0.48014439302022094,0.02921299998663862,-0.08220119697908146,
77,1.82076576038524e-14,0.03429347831316798,0.023582703094425932,0.21318376418722096,0.0778647825233962,0.1392119415618936,0.5692902258426082,0.40476244315133125,0.3888011869373251,6.606340535754447,0.06287535384514564,1.2292626140176122,0.6497110948396667,0.032315426950546566,-0.18247053933575508,
79,5.1070259132755895e-14,0.04384081955223229,0.02113893059225824,0.23668727534810086,0.10857234804142146,0.23529791805189612,0.5925782950352941,0.3703390885605337,0.2575822367341848,23.386707669528178,0.05268101455682106,1.0848250581157348,0.8574422201542475,0.04948835790115069,-0.38064120269469814,
81,1.7652546091540144e-14,0.04074950030990347,0.030037709729698388,0.18715378056916054,0.09510566694798533,0.16979793490612777,0.4761120380869003,0.5426835463855048,0.2849981226709244,11.063645029075762,0.06824443261716295,1.3588537949701829,0.7404501270447339,0.04357085626720547,-0.15816807669847277,
82,1.976196983832759e-14,0.0514704812322437,0.028232137008640485,0.23811745537959592,0.1099284130459887,0.14226478652908556,0.47448300676031135,0.5170847579916446,0.34575546375523686,11.439281119060519,0.07676369834847763,1.545976454753406,0.9334980381492386,0.06342212871026653,-0.24456194421471622,
84,3.3750779948605327e-14,0.03215738080408453,0.023045526269008822,0.2748549651529606,0.07160568006534905,0.15928175998313132,0.5958577325361302,0.46007615365777993,0.48343382025792836,4.578127895148694,0.06893955803987195,1.3908142046682226,0.6699503653713856,0.031251722261949055,-0.19598071859615596,
86,3.641531520770447e-14,0.05093277063061713,0.021485836375246363,0.20411340263340927,0.06732764918087845,0.25172423491491747,0.5927343972798511,0.5901558744563224,0.39854129729912313,5.622948077154008,0.056691550551700054,1.1998816997691675,0.5945764581358315,0.0303024376550054,-0.1585176864146276,
88,2.8310687127941893e-14,0.0459812009096654,0.030413365375371343,0.18163194393137091,0.08103275266234068,0.1605082057169953,0.5101561993315024,0.5066246399381228,0.452082768348282,5.402258683433229,0.08673434366795973,1.746694775898483,0.7385476627736365,0.05126101596391042,-0.20776381570547509,
90,2.986499936241716e-14,0.05371746981372648,0.025415695551085714,0.2284086769734982,0.09494866203761806,0.23285976415692955,0.4872877162774115,0.6372835307246056,0.33151261824731004,8.698208880985492,0.06347630499205414,1.348746720675309,0.7209350904878953,0.04430656762457463,-0.15537861981500534,
92,5.728750807065972e-14,0.04622708430037646,0.030142995795202552,0.22952214073113,0.09460474821820232,0.20838775182926464,0.511917292647029,0.5259251724877975,0.4067895546139569,7.507588827741182,0.08544517046397226,1.7640885420084684,0.8628458589829746,0.05288473266360505,-0.2198055575295732,
97,1.7097434579227556e-14,0.04142155061577474,0.029277935691436822,0.18651039588079094,0.06956657768657518,0.27828777989116693,0.528845548818223,0.44393195210010244,0.4027865420687272,5.215772806823169,0.07538414436621288,1.6321131681648282,0.5984941614185724,0.03675797481446086,-0.13594572224608914,
98,5.6510351953422065e-14,0.031810440097075045,0.02986863271046674,0.2390373159056126,0.09585978193594197,0.2676378778266022,0.4305652262173364,0.49370470879306516,0.37684437988291725,7.279847588298193,0.07962360336563257,1.781194342111947,0.7670399421115359,0.054056370496380346,-0.1548823384301956,
99,1.9118040484047023e-13,0.044516266594270756,0.024875958564726346,0.1963878537007341,0.09239200124978418,0.15811284855470734,0.5428377683129897,0.5684383147924942,0.42335416414672733,8.282845224496425,0.07405058939234266,1.5067264804177194,0.9197368800994754,0.06380953767566311,-0.33308880029802035,
100,2.6978419498391667e-14,0.050802163952415824,0.022133989060900246,0.18847719365056864,0.08818176889126209,0.17384513691234207,0.440773236014215,0.47835071975645294,0.514135536088759,4.716770314444075,0.06947892707989989,1.5385486525686831,0.8073309768110493,0.08560778537061164,-0.27752291086393654,
101,1.9539925233402566e-14,0.031049498186656376,0.02371807839304067,0.22334151877620734,0.08703399549613325,0.1338824492829606,0.49550296256558557,0.5091923744424562,0.2500177385867703,9.101604685562812,0.04652332778588519,0.8934872048937059,0.5144737221310702,0.02387259257774499,-0.09267933287255836,
102,2.1205259770340714e-14,0.04573075481440392,0.022987676439586394,0.24500104505711234,0.07737309069984469,0.17816515075550338,0.41979843187763655,0.4388486918944044,0.444109231094894,3.7922397402887347,0.06109835107056272,1.3430053287727617,0.4994220449280773,0.041315078357651025,-0.10059675061642182,
103,7.871481244592669e-14,0.03311095494103265,0.024268587086985663,0.19452276184101636,0.09302434543017224,0.10489132776050983,0.5062938176587801,0.43566568551328944,0.428092169677423,7.913913569786004,0.07218515502393719,1.4368678423396064,0.881066969885258,0.06897201045701351,-0.323859418871697,
106,1.1213252548713452e-13,0.04101546184141794,0.03048943051885903,0.21709725666852503,0.06882643515462279,0.17275622864662432,0.5803800955615246,0.4525875973073227,0.43634010339806406,4.897180997670306,0.08281537343345802,1.6278827340525215,0.6236680294420038,0.030380585486944334,-0.1552268726967898,
107,2.5091040356528222e-14,0.035969336388862565,0.02411943071990275,0.1995331651563057,0.10401945422696143,0.2130847776179327,0.4652156678081506,0.6550876316605783,0.3267836087655107,14.753564876025582,0.0659339549679725,1.4237398149272718,0.9711422773197809,0.08259239044134947,-0.3364996094282757,
111,2.353672812205304e-14,0.038096547993565044,0.027018757614464144,0.27673016977884873,0.07013326686622115,0.2018565919579701,0.4250634431905539,0.49117586292232174,0.4428311302688326,3.3203911372383326,0.0687507612484386,1.5275644637269714,0.4372493802595745,0.033751401622450494,-0.07381257641909666,
112,2.153832667772827e-14,0.03824065967842746,0.020114011742276422,0.26795730982098875,0.09194896596839378,0.10111886517994657,0.46336951012321614,0.614130873735149,0.41868539421669304,5.653543359907228,0.05615179257239822,1.1263988386866153,0.6206909739352451,0.04339903381220811,-0.15896998765813075,
113,1.2989609388114415e-14,0.04879941617766586,0.031083220909256817,0.21762639156702557,0.10462251515652696,0.1848729435581532,0.4361394594060689,0.5150819544435125,0.47457099477381204,6.874981398639556,0.09751664508515034,2.0967386018633682,1.066836018869033,0.097299696167652,-0.31481526195540344,
114,2.0861090632708867e-13,0.05485921817802289,0.023890065846661118,0.2644213024232358,0.10569395708657608,0.17756147441422132,0.5524274844287549,0.3594749801991985,0.4499548692667924,8.457096152072623,0.07569612556130201,1.5758767216200509,1.0431593894362656,0.0704854073326544,-0.37990332243297287,
116,1.3988810110276875e-14,0.030903870986920816,0.028588040545338964,0.22133066116053302,0.09133147968319723,0.1871391159593131,0.5252402528804323,0.40304019090623144,0.27572343560246654,10.618346280105076,0.06298215707294341,1.2361842992268945,0.676071472404316,0.030673288220861572,-0.13646957692879935,
117,7.03881397612374e-14,0.037599083460282824,0.020819323759911367,0.25337349042589735,0.0829165151775115,0.21224690386556205,0.5558459571474829,0.3903670338916082,0.29511393167083255,8.442544371167052,0.04710940261788665,0.9557688450727131,0.5595588643009908,0.024265814731805335,-0.11843860683838914,
118,1.8984813721090357e-14,0.04418987347755586,0.02515160341650921,0.25997494337549526,0.10233982399719554,0.23666236567346147,0.4110017635389094,0.6328487217853898,0.2915396460908981,8.926930182425291,0.05718210371230348,1.2604905074233619,0.650066749888345,0.04270269413109151,-0.10536287216237339,
120,1.0746958878370937e-13,0.054518327786709314,0.025609636194091116,0.20264691992303047,0.10536652936728177,0.17077850528126276,0.4219024390761897,0.4645804406095765,0.4352079789332667,8.394775023144788,0.07844627509549085,1.7068227945485903,1.024271645486463,0.10484133695336517,-0.3298683250212542,
121,6.772360450213478e-15,0.04282109393131,0.021117488088240464,0.2428664252585119,0.07319774908657245,0.15161535697784279,0.41305876222091603,0.5394783279174296,0.33489501682037837,4.134285037492675,0.04395450482835872,0.9228839471649986,0.36980293100827843,0.026397933850197397,-0.05354772029492194,
124,9.32587340685127e-15,0.034859574322659945,0.022444103235369214,0.19526225677029885,0.08640347160084563,0.1320040913471756,0.4797424328384623,0.5107779433858617,0.2977060853262083,8.474868914102625,0.05045976095125404,0.9926823385659311,0.5702816301655256,0.034017822594956115,-0.12902786084048046,
127,1.754152378907732e-14,0.04013833613805323,0.029467538689787923,0.23124765545886808,0.09158814806427504,0.19074761110732907,0.40917574553425495,0.35034218510396836,0.307610022218273,6.774748457604483,0.06428830791259155,1.346466824423409,0.5612243953153628,0.03627843840949829,-0.08397498819044946,
128,3.153033389935395e-14,0.034614009433905336,0.02975982759315001,0.26843641748261754,0.10449835194763699,0.22233659005576278,0.41386035817030814,0.5835436985124717,0.29326610658573704,9.213972115540377,0.06779542258078486,1.4433875126056872,0.6908326992608238,0.041333204356353015,-0.10720830894935807,
130,9.992007221626358e-15,0.04230628393751716,0.028845444110028512,0.21019617787089892,0.08694049307116514,0.2571593542607301,0.48488768444121166,0.5855012842375119,0.3742949486113603,6.988818224965456,0.07526609769513937,1.6238583230938408,0.7187147404650318,0.04605322416380009,-0.15810493894082844,
134,1.3544720900427001e-14,0.03985017896657807,0.023151011224929078,0.2548377256253637,0.06511000890103934,0.2377069761447726,0.4988829296512528,0.41463051052102046,0.4103425841281202,3.995201621286819,0.05792666478126085,1.277444174358977,0.4617012041388202,0.029196356142024982,-0.08762058238318549,
138,1.5543122344752072e-14,0.05115753717889196,0.02474449045716967,0.23984913567927924,0.08217698033008979,0.10989278037287427,0.45058072148332134,0.36337165941299204,0.5760846315768496,3.100063122357386,0.0787644572045143,1.64274141355214,0.6885044773124349,0.06422802004977246,-0.20816200454861766,
144,3.0309088572267234e-14,0.049909959462316036,0.025893569591777216,0.17540277250816338,0.08885186211900017,0.20447602080632776,0.49770884306130936,0.357565340702535,0.31189104911552873,9.55316566224082,0.06188691626202547,1.276898572942864,0.708310991134864,0.04463691910945311,-0.17018415042674429,
146,1.643130076445218e-14,0.051681817695408055,0.023310193681143076,0.2636582753204721,0.06679329964289868,0.16169175764539945,0.5085257058829414,0.5624757243110285,0.3562308090512216,4.291151525951093,0.05179514120141149,1.0527326950176663,0.41581592917503407,0.022804227768391527,-0.06706065095342106,
147,2.1205259770340714e-14,0.05056569963296742,0.02211139491105749,0.22509343246930727,0.07417001324416783,0.14127800408699215,0.4235520117434166,0.6095417165105572,0.3209914121692137,4.425766775578914,0.044813514134799615,0.9230540122685316,0.3820848791185938,0.026698996128082797,-0.05552959172888672,
150,1.8873791418627838e-14,0.04748174083670602,0.021698414734130023,0.172850424298114,0.07499906306773199,0.18347308838361592,0.540691376142346,0.5494193371033967,0.3229841416885663,7.202586363518213,0.05019528475743518,1.014036694143483,0.5529810338577468,0.030711862750942842,-0.1348571332666637,
152,2.0650148258027697e-14,0.047336503582272316,0.02617615695171467,0.19848771525694095,0.0769192055824629,0.11473904118190795,0.5980588432290748,0.5802417367051091,0.2544719435193859,9.093740371193219,0.051397065639411155,0.9493924486956296,0.5372342028873156,0.018809983244105766,-0.1050461912119438,
155,6.683542608243219e-14,0.03797872947129271,0.026024741019772746,0.24578222521087345,0.1097054114900165,0.2268806402649953,0.5994040218287715,0.5979539687471151,0.38673712006267835,15.08671190235209,0.0805031502375868,1.669750716203544,1.2325204930134337,0.07795138751895969,-0.5659431281912819,
156,2.8088642523016855e-14,0.052267047740104086,0.02850392097307684,0.21231993238655583,0.07932843396567266,0.14904495156013273,0.5385332393711141,0.50332269920782,0.2658724581567004,7.5662254696127125,0.0554357706042925,1.057474575977202,0.5159087033305365,0.022330672606574176,-0.08243511230776601,
157,3.10862446895039e-14,0.04795354293136216,0.02276864852110343,0.17947505172458705,0.10423761380811095,0.24793023867450636,0.41857447002059855,0.5219965388832079,0.2992289859799573,16.407334458116583,0.059573609952144446,1.3671186695922488,0.942715200223887,0.09398300992833342,-0.3108055652233044,
165,1.8762769116165322e-14,0.03444243847001764,0.03077910675116491,0.21170455235269448,0.06654805103396257,0.1186098570641868,0.49201402184137594,0.49963887923325295,0.4223765658312877,3.820689791838938,0.07570059377796579,1.4504946624976256,0.4521758526401465,0.027757088852720102,-0.0941254986872142,
169,6.372680161348195e-14,0.0463317233161878,0.030679749992304946,0.25105978651341676,0.0907074078949013,0.16450947522175471,0.46756239493870805,0.5194293808892769,0.3797573051264275,6.0756677597619,0.07840095989186313,1.57904619049265,0.6486803159983179,0.03896144166373183,-0.12348769161113493,
171,5.373479439185613e-14,0.031913987060583335,0.023946408058606088,0.21983517928699528,0.08909791518093581,0.27228023060549744,0.4039727736840759,0.3946897126973156,0.45562545675061417,5.290179090791834,0.07045868774099784,1.7048600912854983,0.745144771044215,0.0710870725188828,-0.18704958498936275,
176,1.6320278461989934e-14,0.043300813396249416,0.024420877259443797,0.1904088599732634,0.07596818151610779,0.21710685632840904,0.5658808986848586,0.3789162187525225,0.31569048391341764,7.793091888792885,0.05634861186831852,1.1369830809938364,0.595119319047055,0.02830933058106666,-0.13590163686224566,
177,7.105427357600977e-15,0.042747596410277686,0.029911336169524474,0.23249089402640954,0.0727897599975589,0.18120238158774638,0.4790002519725594,0.6663641741440434,0.2893324682785884,5.282394660027431,0.05685621225634452,1.1350923264704216,0.42095420416259355,0.022253952948148026,-0.054620364309165836,
178,1.6875389974302237e-14,0.046562802801453154,0.026367478069923497,0.20481558065928457,0.0761241990861301,0.146980277583137,0.5229020560709573,0.6306764528912387,0.3502214641383235,5.96350187385556,0.06218003780539916,1.2172959688443008,0.5463781659993838,0.029198985720579884,-0.11341819903666339,
180,3.885780586187972e-14,0.05368823154871818,0.029542470107996013,0.18720953797193082,0.10375941215816897,0.26566605816445277,0.534028857996045,0.559746559056898,0.27482368413353186,18.179573697964855,0.07242689083411857,1.5090393134331581,0.9894627949602386,0.05940755376363516,-0.2926941724542109,
182,2.8865798640254113e-15,0.03384924328618595,0.022036237386157675,0.1977320681033643,0.07062264749220236,0.24077843186934697,0.44879831310460966,0.624602558316379,0.27017056939702466,5.663567850364328,0.04103197746613829,0.9027897803977725,0.3981359981715782,0.02542247942485254,-0.05580508031427511,
183,9.992007221626358e-15,0.047307959698722216,0.020514528335830624,0.25185945124344555,0.08427944176562531,0.254499620209252,0.4909069754388001,0.44732514005385204,0.47220602674813866,4.905205166816626,0.06155018504863885,1.3994539141696904,0.7059399882603401,0.05316090797700124,-0.19664039484962315,
184,6.117328865684799e-14,0.03441845100763646,0.025829126264170076,0.24755410993252383,0.08527686106610333,0.1504697731088916,0.5850799177324694,0.49641685281606907,0.4163049724748114,7.033967224113907,0.07405274971580855,1.4597748183465598,0.7861245197330335,0.03738290503483288,-0.2290479778752741,
186,9.103828801926325e-15,0.04895809306421807,0.031827218045037756,0.2330374701707955,0.07843175179831359,0.2418411257305084,0.4080218258739135,0.3875941841061633,0.2876916338876958,5.0655624385272064,0.05979667675497846,1.3283521596505032,0.42722723834824894,0.029398707647443345,-0.0450563463026854,
187,3.2418512319055095e-14,0.037265981773191015,0.0252603328631094,0.25444394970843354,0.0786290731329663,0.12142886870276544,0.49896393251372784,0.39970226233546546,0.45847181879736093,4.372629297899965,0.07097910164570509,1.4104271784984412,0.5927834127338549,0.03697897102474812,-0.14481164074617858,
190,5.1070259132757335e-15,0.03335247490263556,0.0297159681944153,0.2672853763143804,0.10656507142350044,0.14341757797979093,0.48432860300485575,0.6433886066648653,0.35853628903471485,9.748765768064118,0.08064488343856135,1.6012881702191395,0.8752523399216061,0.05105354632950476,-0.20628678918979126,
191,2.4868995751603197e-14,0.033715227500701134,0.02506760039002917,0.2351012628257565,0.1013121763292412,0.1892412415217019,0.5777823614468416,0.35253280614963434,0.2835075686827877,15.945529174100521,0.062222735051100875,1.236571542851883,0.8486010143620604,0.0406593924690668,-0.26352223335724956,
