config,func,run,error
MSSBOA,F1,0,2.0212702952e+03
MSSBOA,F1,1,2.9629299893e+04
MSSBOA,F1,2,6.2085985331e+03
MSSBOA,F1,3,3.1576714288e+03
MSSBOA,F1,4,7.9969075405e+03
MSSBOA,F1,5,9.9816178076e+02
MSSBOA,F1,6,9.4349396320e+02
MSSBOA,F1,7,1.1659489925e+03
MSSBOA,F1,8,7.0976569528e+03
MSSBOA,F1,9,5.9956981834e+03
MSSBOA,F1,10,1.1070083897e+04
MSSBOA,F1,11,1.7217580657e+04
MSSBOA,F3,0,4.5436355355e+02
MSSBOA,F3,1,1.0760734313e+02
MSSBOA,F3,2,2.5796896133e+02
MSSBOA,F3,3,9.0188332132e+01
MSSBOA,F3,4,8.1676756214e-01
MSSBOA,F3,5,1.2571921666e+02
MSSBOA,F3,6,2.2141540107e+02
MSSBOA,F3,7,1.7251111470e+00
MSSBOA,F3,8,1.0733310654e+02
MSSBOA,F3,9,1.9184475057e+01
MSSBOA,F3,10,1.5985013524e+02
MSSBOA,F3,11,1.5040309343e+03
MSSBOA,F4,0,7.0030706758e+00
MSSBOA,F4,1,6.6183857326e+00
MSSBOA,F4,2,6.2420186838e+00
MSSBOA,F4,3,6.5349834584e+00
MSSBOA,F4,4,4.8367392167e+00
MSSBOA,F4,5,6.4247507077e+00
MSSBOA,F4,6,3.3684613578e+00
MSSBOA,F4,7,7.2549177665e+00
MSSBOA,F4,8,6.5459479548e+00
MSSBOA,F4,9,6.4288188239e+00
MSSBOA,F4,10,7.0236939582e+00
MSSBOA,F4,11,5.4088687586e+00
MSSBOA,F5,0,6.9754184504e+00
MSSBOA,F5,1,6.4085628903e+00
MSSBOA,F5,2,1.2981921616e+01
MSSBOA,F5,3,1.3043507289e+01
MSSBOA,F5,4,1.5684683938e+01
MSSBOA,F5,5,6.0191106093e+00
MSSBOA,F5,6,1.1955083817e+01
MSSBOA,F5,7,1.3538938094e+01
MSSBOA,F5,8,4.0307010642e+00
MSSBOA,F5,9,1.0227824958e+01
MSSBOA,F5,10,1.0108721033e+01
MSSBOA,F5,11,1.2939694774e+01
MSSBOA,F6,0,7.0284924534e-01
MSSBOA,F6,1,8.3119062214e-01
MSSBOA,F6,2,2.1730075954e-01
MSSBOA,F6,3,1.3290709374e-01
MSSBOA,F6,4,1.0789669314e+00
MSSBOA,F6,5,2.5863113588e-01
MSSBOA,F6,6,5.1184942260e-01
MSSBOA,F6,7,7.8511074263e-01
MSSBOA,F6,8,3.8397390876e-01
MSSBOA,F6,9,2.3734958960e+00
MSSBOA,F6,10,1.0698568262e+00
MSSBOA,F6,11,8.6090806664e-01
MSSBOA,F7,0,2.8773995487e+01
MSSBOA,F7,1,1.5550507067e+01
MSSBOA,F7,2,2.1753497278e+01
MSSBOA,F7,3,2.0299118491e+01
MSSBOA,F7,4,2.1236713308e+01
MSSBOA,F7,5,1.5240162551e+01
MSSBOA,F7,6,3.0296236256e+01
MSSBOA,F7,7,3.7852260962e+01
MSSBOA,F7,8,3.1224400255e+01
MSSBOA,F7,9,2.1381438417e+01
MSSBOA,F7,10,1.8290280784e+01
MSSBOA,F7,11,2.7127248763e+01
MSSBOA,F8,0,7.9938921476e+00
MSSBOA,F8,1,1.7926549236e+01
MSSBOA,F8,2,1.9913349208e+01
MSSBOA,F8,3,1.5930119745e+01
MSSBOA,F8,4,1.0973104150e+01
MSSBOA,F8,5,1.2939028619e+01
MSSBOA,F8,6,8.9548066726e+00
MSSBOA,F8,7,2.1894166854e+01
MSSBOA,F8,8,1.9900158572e+01
MSSBOA,F8,9,2.5587877598e+01
MSSBOA,F8,10,1.4928328500e+01
MSSBOA,F8,11,1.2142495733e+01
MSSBOA,F9,0,4.0780217341e-04
MSSBOA,F9,1,1.9680951722e-03
MSSBOA,F9,2,5.5696396168e-01
MSSBOA,F9,3,1.3722692038e-03
MSSBOA,F9,4,4.5473865430e-01
MSSBOA,F9,5,4.0659529263e-03
MSSBOA,F9,6,5.7333903075e-02
MSSBOA,F9,7,2.1732484166e-01
MSSBOA,F9,8,4.8951177179e-01
MSSBOA,F9,9,2.7727251840e-02
MSSBOA,F9,10,5.9709616903e-04
MSSBOA,F9,11,4.3804885979e-04
MSSBOA,F10,0,4.6869282152e+02
MSSBOA,F10,1,4.0951585520e+02
MSSBOA,F10,2,6.1836060189e+02
MSSBOA,F10,3,8.4841681642e+02
MSSBOA,F10,4,1.4677824667e+02
MSSBOA,F10,5,2.4380932102e+02
MSSBOA,F10,6,9.1509002770e+02
MSSBOA,F10,7,1.4706692424e+02
MSSBOA,F10,8,7.5359939215e+02
MSSBOA,F10,9,7.0849474465e+02
MSSBOA,F10,10,8.1134165821e+02
MSSBOA,F10,11,1.0752292943e+03
MSSBOA,F11,0,4.0917630383e+00
MSSBOA,F11,1,1.2662063054e+01
MSSBOA,F11,2,6.6903138365e+00
MSSBOA,F11,3,1.3324088844e+01
MSSBOA,F11,4,6.9186749772e+00
MSSBOA,F11,5,1.0674966604e+01
MSSBOA,F11,6,7.8279923573e+00
MSSBOA,F11,7,7.7719344567e+00
MSSBOA,F11,8,1.1982327678e+01
MSSBOA,F11,9,1.6479517959e+01
MSSBOA,F11,10,6.5352541558e+00
MSSBOA,F11,11,8.1538949763e+00
MSSBOA,F12,0,5.6166763152e+03
MSSBOA,F12,1,1.4678139048e+06
MSSBOA,F12,2,1.5873291885e+06
MSSBOA,F12,3,1.9267024000e+05
MSSBOA,F12,4,1.0776532321e+06
MSSBOA,F12,5,3.4606181206e+06
MSSBOA,F12,6,4.8653631784e+05
MSSBOA,F12,7,2.9522236324e+05
MSSBOA,F12,8,2.6627748487e+06
MSSBOA,F12,9,3.7804899703e+05
MSSBOA,F12,10,2.9424084120e+06
MSSBOA,F12,11,2.3088052909e+06
MSSBOA,F13,0,4.8817381396e+03
MSSBOA,F13,1,1.2859241737e+03
MSSBOA,F13,2,1.1994821271e+04
MSSBOA,F13,3,2.5257153736e+03
MSSBOA,F13,4,3.2338872269e+04
MSSBOA,F13,5,4.9689757520e+03
MSSBOA,F13,6,6.0292113524e+03
MSSBOA,F13,7,1.2592857024e+04
MSSBOA,F13,8,8.6946918860e+03
MSSBOA,F13,9,1.1650326161e+04
MSSBOA,F13,10,1.8570720518e+04
MSSBOA,F13,11,1.0857532569e+03
MSSBOA,F14,0,2.9551203631e+02
MSSBOA,F14,1,2.0624018448e+02
MSSBOA,F14,2,1.2593486630e+02
MSSBOA,F14,3,1.0753618929e+02
MSSBOA,F14,4,1.6221138443e+02
MSSBOA,F14,5,1.5658993348e+02
MSSBOA,F14,6,3.7344728683e+02
MSSBOA,F14,7,1.7858229917e+02
MSSBOA,F14,8,1.7415312816e+02
MSSBOA,F14,9,1.5930368188e+02
MSSBOA,F14,10,2.3439736891e+02
MSSBOA,F14,11,2.3241445094e+02
MSSBOA,F15,0,1.6219380925e+03
MSSBOA,F15,1,7.5582208578e+02
MSSBOA,F15,2,1.7964173269e+03
MSSBOA,F15,3,7.1874310276e+03
MSSBOA,F15,4,9.9542427484e+02
MSSBOA,F15,5,6.5695004067e+03
MSSBOA,F15,6,2.8493511103e+03
MSSBOA,F15,7,4.3347296524e+03
MSSBOA,F15,8,6.3536868414e+02
MSSBOA,F15,9,3.0805825954e+03
MSSBOA,F15,10,7.6289267825e+02
MSSBOA,F15,11,2.4960303084e+02
MSSBOA,F16,0,1.3666042444e+02
MSSBOA,F16,1,6.5950607676e+00
MSSBOA,F16,2,1.6419712299e+01
MSSBOA,F16,3,5.2971499028e+01
MSSBOA,F16,4,7.1733229969e+00
MSSBOA,F16,5,3.9872661571e+01
MSSBOA,F16,6,5.3943396611e+00
MSSBOA,F16,7,1.4232319274e+01
MSSBOA,F16,8,1.3532990811e+01
MSSBOA,F16,9,6.9144458724e+00
MSSBOA,F16,10,3.8898308865e+01
MSSBOA,F16,11,5.0376896962e+00
MSSBOA,F17,0,5.0012964916e+01
MSSBOA,F17,1,3.8801789771e+01
MSSBOA,F17,2,3.2464478889e+01
MSSBOA,F17,3,2.1127303025e+01
MSSBOA,F17,4,4.7266317684e+01
MSSBOA,F17,5,5.2262554332e+01
MSSBOA,F17,6,2.0526042781e+01
MSSBOA,F17,7,1.4421454724e+01
MSSBOA,F17,8,4.9279897676e+01
MSSBOA,F17,9,5.1825100196e+01
MSSBOA,F17,10,3.1453317313e+01
MSSBOA,F17,11,5.5752024664e+01
MSSBOA,F18,0,6.3509924430e+03
MSSBOA,F18,1,3.5870655037e+03
MSSBOA,F18,2,3.6307152498e+04
MSSBOA,F18,3,4.9232168403e+03
MSSBOA,F18,4,1.1341604969e+04
MSSBOA,F18,5,5.0551245265e+03
MSSBOA,F18,6,1.8722969681e+04
MSSBOA,F18,7,1.1637800494e+04
MSSBOA,F18,8,2.2010367023e+04
MSSBOA,F18,9,5.6888914080e+03
MSSBOA,F18,10,9.1065893647e+03
MSSBOA,F18,11,2.0090990648e+03
MSSBOA,F19,0,7.7075941205e+02
MSSBOA,F19,1,1.8461280645e+02
MSSBOA,F19,2,1.1049958435e+02
MSSBOA,F19,3,3.3776662788e+02
MSSBOA,F19,4,1.7743429242e+03
MSSBOA,F19,5,1.9292833862e+03
MSSBOA,F19,6,7.7095908849e+02
MSSBOA,F19,7,3.9234649727e+03
MSSBOA,F19,8,1.0970912788e+03
MSSBOA,F19,9,1.1887989824e+03
MSSBOA,F19,10,2.6928389552e+02
MSSBOA,F19,11,3.2995151835e+02
MSSBOA,F20,0,3.5867255508e+01
MSSBOA,F20,1,2.9069984521e+01
MSSBOA,F20,2,3.9668062250e+01
MSSBOA,F20,3,2.2540557101e+01
MSSBOA,F20,4,3.9360398422e+01
MSSBOA,F20,5,3.1482234549e+01
MSSBOA,F20,6,1.7975678490e+01
MSSBOA,F20,7,1.3398619083e+01
MSSBOA,F20,8,2.4111297410e+01
MSSBOA,F20,9,2.5961762477e+01
MSSBOA,F20,10,9.8029524820e+00
MSSBOA,F20,11,2.2100065385e+01
MSSBOA,F21,0,1.0306109506e+02
MSSBOA,F21,1,1.1101992850e+02
MSSBOA,F21,2,2.0969074059e+02
MSSBOA,F21,3,2.0991586475e+02
MSSBOA,F21,4,2.0519716685e+02
MSSBOA,F21,5,1.0347310408e+02
MSSBOA,F21,6,2.1522419353e+02
MSSBOA,F21,7,1.0488346091e+02
MSSBOA,F21,8,1.0444783326e+02
MSSBOA,F21,9,1.0524473761e+02
MSSBOA,F21,10,1.0245059644e+02
MSSBOA,F21,11,2.2149619010e+02
MSSBOA,F22,0,1.0111315036e+02
MSSBOA,F22,1,1.0054172477e+02
MSSBOA,F22,2,1.0169750181e+02
MSSBOA,F22,3,1.0160749205e+02
MSSBOA,F22,4,2.6145669767e+01
MSSBOA,F22,5,1.0050512940e+02
MSSBOA,F22,6,1.0040569061e+02
MSSBOA,F22,7,1.0067264553e+02
MSSBOA,F22,8,1.0168354653e+02
MSSBOA,F22,9,1.0042217471e+02
MSSBOA,F22,10,1.0148280707e+02
MSSBOA,F22,11,1.0092013332e+02
MSSBOA,F23,0,3.1544783738e+02
MSSBOA,F23,1,3.1321439685e+02
MSSBOA,F23,2,3.0734938942e+02
MSSBOA,F23,3,3.0654532877e+02
MSSBOA,F23,4,3.0637226693e+02
MSSBOA,F23,5,3.2590245947e+02
MSSBOA,F23,6,3.0804463667e+02
MSSBOA,F23,7,3.0649918092e+02
MSSBOA,F23,8,3.2306932404e+02
MSSBOA,F23,9,3.1831949518e+02
MSSBOA,F23,10,3.0844417067e+02
MSSBOA,F23,11,3.1084165851e+02
MSSBOA,F24,0,3.3679505247e+02
MSSBOA,F24,1,1.0155360561e+02
MSSBOA,F24,2,1.0173729523e+02
MSSBOA,F24,3,3.4118357970e+02
MSSBOA,F24,4,1.0135386594e+02
MSSBOA,F24,5,1.0360182554e+02
MSSBOA,F24,6,3.4361756756e+02
MSSBOA,F24,7,3.4124391737e+02
MSSBOA,F24,8,3.4384019058e+02
MSSBOA,F24,9,3.3860103986e+02
MSSBOA,F24,10,3.3404179729e+02
MSSBOA,F24,11,1.0200724388e+02
MSSBOA,F25,0,4.0370412449e+02
MSSBOA,F25,1,4.4605242299e+02
MSSBOA,F25,2,4.0010487779e+02
MSSBOA,F25,3,3.9791806092e+02
MSSBOA,F25,4,3.9986837868e+02
MSSBOA,F25,5,4.4365163082e+02
MSSBOA,F25,6,3.9793850225e+02
MSSBOA,F25,7,3.9914268691e+02
MSSBOA,F25,8,4.4547630732e+02
MSSBOA,F25,9,3.9961179990e+02
MSSBOA,F25,10,4.1673359116e+02
MSSBOA,F25,11,3.9871382019e+02
MSSBOA,F26,0,4.0117752682e+02
MSSBOA,F26,1,3.0007192757e+02
MSSBOA,F26,2,3.0003248222e+02
MSSBOA,F26,3,3.0004211629e+02
MSSBOA,F26,4,3.0001593689e+02
MSSBOA,F26,5,3.0008087807e+02
MSSBOA,F26,6,3.0003282974e+02
MSSBOA,F26,7,3.0004766158e+02
MSSBOA,F26,8,3.0005855125e+02
MSSBOA,F26,9,3.0003038521e+02
MSSBOA,F26,10,3.4715028577e+02
MSSBOA,F26,11,4.0118355263e+02
MSSBOA,F27,0,3.9077879076e+02
MSSBOA,F27,1,3.8984289777e+02
MSSBOA,F27,2,3.9535203919e+02
MSSBOA,F27,3,3.9076772115e+02
MSSBOA,F27,4,3.9286735460e+02
MSSBOA,F27,5,3.9226189564e+02
MSSBOA,F27,6,3.9507840172e+02
MSSBOA,F27,7,3.9437020769e+02
MSSBOA,F27,8,3.9268735664e+02
MSSBOA,F27,9,3.9061282270e+02
MSSBOA,F27,10,3.9556962407e+02
MSSBOA,F27,11,3.9530116383e+02
MSSBOA,F28,0,5.8374888744e+02
MSSBOA,F28,1,3.7257955330e+02
MSSBOA,F28,2,3.7160785282e+02
MSSBOA,F28,3,4.1862615637e+02
MSSBOA,F28,4,3.6472790174e+02
MSSBOA,F28,5,3.9682673273e+02
MSSBOA,F28,6,3.7157842013e+02
MSSBOA,F28,7,3.6636601904e+02
MSSBOA,F28,8,6.1182166589e+02
MSSBOA,F28,9,6.1182167299e+02
MSSBOA,F28,10,3.0006491636e+02
MSSBOA,F28,11,5.8373723705e+02
MSSBOA,F29,0,3.1223227410e+02
MSSBOA,F29,1,2.9729389875e+02
MSSBOA,F29,2,2.5714859034e+02
MSSBOA,F29,3,2.8936505395e+02
MSSBOA,F29,4,2.8324129264e+02
MSSBOA,F29,5,2.6897934892e+02
MSSBOA,F29,6,2.7326383714e+02
MSSBOA,F29,7,3.4342282457e+02
MSSBOA,F29,8,3.0440939266e+02
MSSBOA,F29,9,2.7843476032e+02
MSSBOA,F29,10,2.3671170961e+02
MSSBOA,F29,11,2.6617724203e+02
MSSBOA,F30,0,7.7353698294e+05
MSSBOA,F30,1,1.8072980156e+05
MSSBOA,F30,2,1.6794023259e+06
MSSBOA,F30,3,8.1027101095e+05
MSSBOA,F30,4,1.0210748104e+05
MSSBOA,F30,5,1.9908657488e+06
MSSBOA,F30,6,8.0202255002e+05
MSSBOA,F30,7,1.3932926508e+06
MSSBOA,F30,8,8.7939494202e+05
MSSBOA,F30,9,1.1134372317e+06
MSSBOA,F30,10,1.5794434069e+06
MSSBOA,F30,11,9.4938903876e+02
MSSBOA+LPSR,F1,0,1.5957301571e+03
MSSBOA+LPSR,F1,1,1.5487007309e+05
MSSBOA+LPSR,F1,2,1.9166306984e+02
MSSBOA+LPSR,F1,3,4.6113789038e+03
MSSBOA+LPSR,F1,4,8.4011046099e+03
MSSBOA+LPSR,F1,5,8.7624631003e+03
MSSBOA+LPSR,F1,6,1.8958185902e+05
MSSBOA+LPSR,F1,7,5.6697710402e+03
MSSBOA+LPSR,F1,8,4.6973061944e+03
MSSBOA+LPSR,F1,9,7.2426880654e+03
MSSBOA+LPSR,F1,10,2.9839504688e+03
MSSBOA+LPSR,F1,11,2.2634200163e+03
MSSBOA+LPSR,F3,0,1.3793925984e+03
MSSBOA+LPSR,F3,1,3.7100122213e+02
MSSBOA+LPSR,F3,2,2.0224148318e+02
MSSBOA+LPSR,F3,3,1.7995822765e+02
MSSBOA+LPSR,F3,4,4.7989705781e+02
MSSBOA+LPSR,F3,5,1.1902797464e+03
MSSBOA+LPSR,F3,6,1.8748317315e+02
MSSBOA+LPSR,F3,7,3.7636908943e+02
MSSBOA+LPSR,F3,8,3.1116894336e+02
MSSBOA+LPSR,F3,9,3.6370484602e+02
MSSBOA+LPSR,F3,10,4.2321848386e+02
MSSBOA+LPSR,F3,11,4.8894707868e+02
MSSBOA+LPSR,F4,0,6.4618073403e+00
MSSBOA+LPSR,F4,1,6.4492225811e+00
MSSBOA+LPSR,F4,2,3.8997630629e+00
MSSBOA+LPSR,F4,3,4.3738320237e+00
MSSBOA+LPSR,F4,4,5.7254431797e+00
MSSBOA+LPSR,F4,5,3.9458142336e+00
MSSBOA+LPSR,F4,6,7.0969395537e+00
MSSBOA+LPSR,F4,7,6.7149151789e+00
MSSBOA+LPSR,F4,8,6.0511101123e+00
MSSBOA+LPSR,F4,9,5.0947665264e+00
MSSBOA+LPSR,F4,10,6.5694457389e+00
MSSBOA+LPSR,F4,11,5.8181550750e+00
MSSBOA+LPSR,F5,0,1.3758944547e+01
MSSBOA+LPSR,F5,1,6.4188707918e+00
MSSBOA+LPSR,F5,2,1.6202477381e+01
MSSBOA+LPSR,F5,3,8.9302622268e+00
MSSBOA+LPSR,F5,4,6.1834615946e+00
MSSBOA+LPSR,F5,5,1.7959687835e+01
MSSBOA+LPSR,F5,6,2.2559690568e+01
MSSBOA+LPSR,F5,7,2.8297002853e+01
MSSBOA+LPSR,F5,8,6.5891710079e+00
MSSBOA+LPSR,F5,9,5.0686784961e+00
MSSBOA+LPSR,F5,10,1.9986919306e+01
MSSBOA+LPSR,F5,11,1.9711232790e+01
MSSBOA+LPSR,F6,0,1.5188053087e+00
MSSBOA+LPSR,F6,1,3.7648845261e+00
MSSBOA+LPSR,F6,2,1.2058846658e+00
MSSBOA+LPSR,F6,3,1.5808779739e+00
MSSBOA+LPSR,F6,4,3.9334981738e-01
MSSBOA+LPSR,F6,5,6.7397252975e-02
MSSBOA+LPSR,F6,6,1.6962484796e+00
MSSBOA+LPSR,F6,7,3.7887933626e-01
MSSBOA+LPSR,F6,8,5.3770931225e-01
MSSBOA+LPSR,F6,9,4.8686880891e-01
MSSBOA+LPSR,F6,10,1.0783537295e+00
MSSBOA+LPSR,F6,11,9.8989163375e-01
MSSBOA+LPSR,F7,0,2.6362519420e+01
MSSBOA+LPSR,F7,1,4.9975487858e+01
MSSBOA+LPSR,F7,2,3.2828581616e+01
MSSBOA+LPSR,F7,3,1.6448778123e+01
MSSBOA+LPSR,F7,4,2.9170073024e+01
MSSBOA+LPSR,F7,5,3.7810740038e+01
MSSBOA+LPSR,F7,6,1.4642917450e+01
MSSBOA+LPSR,F7,7,2.4344523257e+01
MSSBOA+LPSR,F7,8,2.6422908768e+01
MSSBOA+LPSR,F7,9,1.9197253104e+01
MSSBOA+LPSR,F7,10,2.8679654927e+01
MSSBOA+LPSR,F7,11,2.3568049004e+01
MSSBOA+LPSR,F8,0,1.0250885239e+01
MSSBOA+LPSR,F8,1,7.5556643376e+00
MSSBOA+LPSR,F8,2,1.1177551672e+01
MSSBOA+LPSR,F8,3,1.7916706026e+01
MSSBOA+LPSR,F8,4,1.1766941457e+01
MSSBOA+LPSR,F8,5,1.0010617720e+01
MSSBOA+LPSR,F8,6,5.9983907539e+00
MSSBOA+LPSR,F8,7,1.2997878804e+01
MSSBOA+LPSR,F8,8,1.5024819471e+01
MSSBOA+LPSR,F8,9,1.9066063354e+01
MSSBOA+LPSR,F8,10,2.2042809609e+01
MSSBOA+LPSR,F8,11,9.6134685078e+00
MSSBOA+LPSR,F9,0,1.8370454199e-01
MSSBOA+LPSR,F9,1,9.5444840792e-02
MSSBOA+LPSR,F9,2,6.5892935787e-02
MSSBOA+LPSR,F9,3,1.4338054098e+00
MSSBOA+LPSR,F9,4,2.2177805870e-01
MSSBOA+LPSR,F9,5,4.6772639014e-01
MSSBOA+LPSR,F9,6,3.0973241634e-01
MSSBOA+LPSR,F9,7,5.5554317467e-01
MSSBOA+LPSR,F9,8,6.4611885012e-02
MSSBOA+LPSR,F9,9,4.6714844606e-01
MSSBOA+LPSR,F9,10,1.5261980630e+00
MSSBOA+LPSR,F9,11,3.0779090261e-02
MSSBOA+LPSR,F10,0,6.9980186479e+02
MSSBOA+LPSR,F10,1,1.6950398021e+02
MSSBOA+LPSR,F10,2,7.1453852766e+02
MSSBOA+LPSR,F10,3,8.5340429580e+02
MSSBOA+LPSR,F10,4,2.4982746728e+02
MSSBOA+LPSR,F10,5,6.4342310187e+02
MSSBOA+LPSR,F10,6,8.4642676228e+02
MSSBOA+LPSR,F10,7,3.1316362379e+02
MSSBOA+LPSR,F10,8,4.6436661276e+02
MSSBOA+LPSR,F10,9,7.1913370773e+02
MSSBOA+LPSR,F10,10,2.8712963354e+02
MSSBOA+LPSR,F10,11,5.0442670796e+02
MSSBOA+LPSR,F11,0,3.5864880355e+00
MSSBOA+LPSR,F11,1,1.4113536649e+01
MSSBOA+LPSR,F11,2,6.4854319238e+00
MSSBOA+LPSR,F11,3,9.8685023973e+00
MSSBOA+LPSR,F11,4,1.3733390898e+01
MSSBOA+LPSR,F11,5,9.2992737594e+00
MSSBOA+LPSR,F11,6,1.5363239631e+00
MSSBOA+LPSR,F11,7,5.8068862657e+00
MSSBOA+LPSR,F11,8,1.1457485527e+01
MSSBOA+LPSR,F11,9,1.5689748539e+01
MSSBOA+LPSR,F11,10,1.1845038540e+01
MSSBOA+LPSR,F11,11,1.2988378272e+01
MSSBOA+LPSR,F12,0,4.4348432472e+04
MSSBOA+LPSR,F12,1,9.6706723028e+04
MSSBOA+LPSR,F12,2,5.3767916904e+04
MSSBOA+LPSR,F12,3,4.1758086616e+05
MSSBOA+LPSR,F12,4,3.9419358166e+06
MSSBOA+LPSR,F12,5,2.6227148697e+06
MSSBOA+LPSR,F12,6,1.1031108958e+05
MSSBOA+LPSR,F12,7,1.6911716649e+05
MSSBOA+LPSR,F12,8,2.0897354105e+04
MSSBOA+LPSR,F12,9,2.7303045964e+06
MSSBOA+LPSR,F12,10,4.1821555196e+04
MSSBOA+LPSR,F12,11,4.3503097201e+05
MSSBOA+LPSR,F13,0,3.7309330714e+03
MSSBOA+LPSR,F13,1,3.9342520825e+03
MSSBOA+LPSR,F13,2,8.2692342112e+02
MSSBOA+LPSR,F13,3,1.6492868171e+03
MSSBOA+LPSR,F13,4,2.1436965067e+04
MSSBOA+LPSR,F13,5,5.9914676514e+03
MSSBOA+LPSR,F13,6,5.4047265144e+03
MSSBOA+LPSR,F13,7,8.6135719853e+03
MSSBOA+LPSR,F13,8,9.1164902756e+03
MSSBOA+LPSR,F13,9,2.1072743460e+03
MSSBOA+LPSR,F13,10,2.0513002450e+04
MSSBOA+LPSR,F13,11,1.8398415851e+04
MSSBOA+LPSR,F14,0,2.3907142685e+02
MSSBOA+LPSR,F14,1,3.4523850794e+02
MSSBOA+LPSR,F14,2,2.1458328608e+02
MSSBOA+LPSR,F14,3,2.2570203056e+02
MSSBOA+LPSR,F14,4,2.5362241423e+02
MSSBOA+LPSR,F14,5,2.7266410676e+02
MSSBOA+LPSR,F14,6,3.1143457031e+02
MSSBOA+LPSR,F14,7,2.7360504414e+02
MSSBOA+LPSR,F14,8,1.7960914656e+02
MSSBOA+LPSR,F14,9,9.1724187697e+01
MSSBOA+LPSR,F14,10,2.5286175985e+02
MSSBOA+LPSR,F14,11,7.6413733439e+01
MSSBOA+LPSR,F15,0,1.3311790854e+03
MSSBOA+LPSR,F15,1,2.1910088063e+03
MSSBOA+LPSR,F15,2,1.1520549160e+03
MSSBOA+LPSR,F15,3,3.0117188566e+03
MSSBOA+LPSR,F15,4,1.8756939122e+03
MSSBOA+LPSR,F15,5,9.8124150816e+02
MSSBOA+LPSR,F15,6,4.2802771779e+03
MSSBOA+LPSR,F15,7,3.1363964245e+03
MSSBOA+LPSR,F15,8,1.4438256820e+03
MSSBOA+LPSR,F15,9,5.6351671212e+03
MSSBOA+LPSR,F15,10,7.2498617247e+03
MSSBOA+LPSR,F15,11,1.2673839145e+03
MSSBOA+LPSR,F16,0,1.5443561467e+02
MSSBOA+LPSR,F16,1,5.6021905176e+00
MSSBOA+LPSR,F16,2,1.8079482986e+01
MSSBOA+LPSR,F16,3,1.9842609534e+01
MSSBOA+LPSR,F16,4,5.3057656832e+00
MSSBOA+LPSR,F16,5,1.4887600105e+02
MSSBOA+LPSR,F16,6,3.8989667693e+00
MSSBOA+LPSR,F16,7,1.3414715560e+01
MSSBOA+LPSR,F16,8,5.0616644061e+00
MSSBOA+LPSR,F16,9,4.7237632458e+00
MSSBOA+LPSR,F16,10,1.6018311298e+02
MSSBOA+LPSR,F16,11,4.1805452226e+01
MSSBOA+LPSR,F17,0,5.1985740237e+01
MSSBOA+LPSR,F17,1,3.9775868329e+01
MSSBOA+LPSR,F17,2,3.6162068255e+01
MSSBOA+LPSR,F17,3,3.9334918029e+01
MSSBOA+LPSR,F17,4,4.1021976746e+01
MSSBOA+LPSR,F17,5,5.0755953676e+01
MSSBOA+LPSR,F17,6,2.4977893627e+01
MSSBOA+LPSR,F17,7,4.1748445670e+01
MSSBOA+LPSR,F17,8,4.2133853474e+01
MSSBOA+LPSR,F17,9,5.2242096090e+01
MSSBOA+LPSR,F17,10,5.1498959338e+01
MSSBOA+LPSR,F17,11,5.1510614409e+01
MSSBOA+LPSR,F18,0,7.2798939522e+03
MSSBOA+LPSR,F18,1,1.4216254828e+03
MSSBOA+LPSR,F18,2,3.2687370696e+03
MSSBOA+LPSR,F18,3,2.6618983533e+03
MSSBOA+LPSR,F18,4,1.0872665373e+04
MSSBOA+LPSR,F18,5,5.7867282229e+02
MSSBOA+LPSR,F18,6,9.7920873428e+03
MSSBOA+LPSR,F18,7,2.4197044302e+04
MSSBOA+LPSR,F18,8,1.9235037288e+03
MSSBOA+LPSR,F18,9,9.3289297849e+03
MSSBOA+LPSR,F18,10,8.8541703790e+03
MSSBOA+LPSR,F18,11,1.2578031054e+03
MSSBOA+LPSR,F19,0,8.8400164629e+02
MSSBOA+LPSR,F19,1,7.7656098545e+02
MSSBOA+LPSR,F19,2,1.5809096428e+03
MSSBOA+LPSR,F19,3,1.9526305049e+03
MSSBOA+LPSR,F19,4,1.7420157940e+03
MSSBOA+LPSR,F19,5,8.3807909854e+02
MSSBOA+LPSR,F19,6,8.2413504498e+02
MSSBOA+LPSR,F19,7,4.0014068775e+03
MSSBOA+LPSR,F19,8,2.7532811631e+03
MSSBOA+LPSR,F19,9,7.3740436257e+02
MSSBOA+LPSR,F19,10,1.0317932990e+03
MSSBOA+LPSR,F19,11,1.8064984410e+02
MSSBOA+LPSR,F20,0,2.3637999764e+01
MSSBOA+LPSR,F20,1,3.7996572905e+01
MSSBOA+LPSR,F20,2,3.2487667264e+01
MSSBOA+LPSR,F20,3,5.1570886817e+01
MSSBOA+LPSR,F20,4,2.5966929690e+01
MSSBOA+LPSR,F20,5,5.6673828671e+01
MSSBOA+LPSR,F20,6,3.4362941370e+01
MSSBOA+LPSR,F20,7,2.5151566588e+01
MSSBOA+LPSR,F20,8,2.5270743564e+01
MSSBOA+LPSR,F20,9,3.5717971436e+01
MSSBOA+LPSR,F20,10,4.6210119669e+01
MSSBOA+LPSR,F20,11,2.6240090804e+01
MSSBOA+LPSR,F21,0,2.1580687998e+02
MSSBOA+LPSR,F21,1,1.0524229756e+02
MSSBOA+LPSR,F21,2,2.2342657207e+02
MSSBOA+LPSR,F21,3,1.0508991909e+02
MSSBOA+LPSR,F21,4,2.1148462374e+02
MSSBOA+LPSR,F21,5,2.1475422683e+02
MSSBOA+LPSR,F21,6,1.0188337732e+02
MSSBOA+LPSR,F21,7,2.0897419282e+02
MSSBOA+LPSR,F21,8,2.2254408743e+02
MSSBOA+LPSR,F21,9,2.1371106093e+02
MSSBOA+LPSR,F21,10,2.1410393822e+02
MSSBOA+LPSR,F21,11,2.1978808863e+02
MSSBOA+LPSR,F22,0,1.0119389085e+02
MSSBOA+LPSR,F22,1,1.0075974622e+02
MSSBOA+LPSR,F22,2,1.0241115355e+02
MSSBOA+LPSR,F22,3,1.0295685608e+02
MSSBOA+LPSR,F22,4,1.0194551454e+02
MSSBOA+LPSR,F22,5,1.0069006985e+02
MSSBOA+LPSR,F22,6,1.0221439825e+02
MSSBOA+LPSR,F22,7,1.0194981839e+02
MSSBOA+LPSR,F22,8,1.0245492384e+02
MSSBOA+LPSR,F22,9,1.0215021009e+02
MSSBOA+LPSR,F22,10,1.0209117101e+02
MSSBOA+LPSR,F22,11,1.0500518267e+02
MSSBOA+LPSR,F23,0,3.4295806588e+02
MSSBOA+LPSR,F23,1,3.1225151641e+02
MSSBOA+LPSR,F23,2,3.1536256137e+02
MSSBOA+LPSR,F23,3,3.1333923809e+02
MSSBOA+LPSR,F23,4,3.1026339747e+02
MSSBOA+LPSR,F23,5,3.1527095069e+02
MSSBOA+LPSR,F23,6,3.2351076065e+02
MSSBOA+LPSR,F23,7,3.0708226723e+02
MSSBOA+LPSR,F23,8,3.1645491890e+02
MSSBOA+LPSR,F23,9,3.0772096926e+02
MSSBOA+LPSR,F23,10,3.1980104820e+02
MSSBOA+LPSR,F23,11,3.2356423158e+02
MSSBOA+LPSR,F24,0,3.3756152765e+02
MSSBOA+LPSR,F24,1,3.5283629820e+02
MSSBOA+LPSR,F24,2,3.3969437410e+02
MSSBOA+LPSR,F24,3,3.4822230796e+02
MSSBOA+LPSR,F24,4,1.1265656254e+02
MSSBOA+LPSR,F24,5,3.4748683462e+02
MSSBOA+LPSR,F24,6,3.4558061491e+02
MSSBOA+LPSR,F24,7,3.3947150202e+02
MSSBOA+LPSR,F24,8,3.4714684123e+02
MSSBOA+LPSR,F24,9,3.3339651252e+02
MSSBOA+LPSR,F24,10,3.3832302273e+02
MSSBOA+LPSR,F24,11,3.4821920000e+02
MSSBOA+LPSR,F25,0,4.0609609487e+02
MSSBOA+LPSR,F25,1,4.4639165192e+02
MSSBOA+LPSR,F25,2,4.4702876092e+02
MSSBOA+LPSR,F25,3,4.4640288652e+02
MSSBOA+LPSR,F25,4,4.4764588291e+02
MSSBOA+LPSR,F25,5,4.4678467539e+02
MSSBOA+LPSR,F25,6,3.9946321776e+02
MSSBOA+LPSR,F25,7,4.1553594144e+02
MSSBOA+LPSR,F25,8,4.4665302097e+02
MSSBOA+LPSR,F25,9,4.4625723830e+02
MSSBOA+LPSR,F25,10,4.4766600879e+02
MSSBOA+LPSR,F25,11,3.9973664750e+02
MSSBOA+LPSR,F26,0,3.0017232296e+02
MSSBOA+LPSR,F26,1,3.0055691134e+02
MSSBOA+LPSR,F26,2,3.0010278872e+02
MSSBOA+LPSR,F26,3,3.0178942615e+02
MSSBOA+LPSR,F26,4,4.0545323950e+02
MSSBOA+LPSR,F26,5,3.0018319721e+02
MSSBOA+LPSR,F26,6,3.0082838684e+02
MSSBOA+LPSR,F26,7,3.0049432666e+02
MSSBOA+LPSR,F26,8,3.8351357804e+02
MSSBOA+LPSR,F26,9,3.0006085989e+02
MSSBOA+LPSR,F26,10,3.5540735715e+02
MSSBOA+LPSR,F26,11,3.0043847084e+02
MSSBOA+LPSR,F27,0,3.9425001259e+02
MSSBOA+LPSR,F27,1,3.9007566494e+02
MSSBOA+LPSR,F27,2,3.9708360580e+02
MSSBOA+LPSR,F27,3,3.9514899007e+02
MSSBOA+LPSR,F27,4,3.9048019414e+02
MSSBOA+LPSR,F27,5,3.8969630551e+02
MSSBOA+LPSR,F27,6,3.8976497503e+02
MSSBOA+LPSR,F27,7,3.8991847667e+02
MSSBOA+LPSR,F27,8,3.9599385901e+02
MSSBOA+LPSR,F27,9,3.9129661478e+02
MSSBOA+LPSR,F27,10,3.9086066202e+02
MSSBOA+LPSR,F27,11,3.9911775542e+02
MSSBOA+LPSR,F28,0,3.6799179905e+02
MSSBOA+LPSR,F28,1,3.8397361626e+02
MSSBOA+LPSR,F28,2,3.0139029903e+02
MSSBOA+LPSR,F28,3,6.1182187608e+02
MSSBOA+LPSR,F28,4,4.0257527057e+02
MSSBOA+LPSR,F28,5,3.8747096275e+02
MSSBOA+LPSR,F28,6,3.7646351988e+02
MSSBOA+LPSR,F28,7,3.8097295815e+02
MSSBOA+LPSR,F28,8,3.7814820504e+02
MSSBOA+LPSR,F28,9,3.8051998620e+02
MSSBOA+LPSR,F28,10,3.8554831324e+02
MSSBOA+LPSR,F28,11,4.7646069883e+02
MSSBOA+LPSR,F29,0,2.6470659913e+02
MSSBOA+LPSR,F29,1,2.6733596279e+02
MSSBOA+LPSR,F29,2,3.1460170729e+02
MSSBOA+LPSR,F29,3,2.6666775429e+02
MSSBOA+LPSR,F29,4,2.9266409813e+02
MSSBOA+LPSR,F29,5,3.3047653984e+02
MSSBOA+LPSR,F29,6,3.7878437236e+02
MSSBOA+LPSR,F29,7,3.3473483191e+02
MSSBOA+LPSR,F29,8,2.8227628511e+02
MSSBOA+LPSR,F29,9,3.1212670045e+02
MSSBOA+LPSR,F29,10,2.8331377621e+02
MSSBOA+LPSR,F29,11,3.1277862266e+02
MSSBOA+LPSR,F30,0,2.6376425678e+05
MSSBOA+LPSR,F30,1,2.6422642506e+06
MSSBOA+LPSR,F30,2,2.8106118232e+05
MSSBOA+LPSR,F30,3,2.3900199087e+06
MSSBOA+LPSR,F30,4,2.5341592630e+06
MSSBOA+LPSR,F30,5,7.4480496490e+05
MSSBOA+LPSR,F30,6,7.2562813173e+05
MSSBOA+LPSR,F30,7,2.3643536537e+05
MSSBOA+LPSR,F30,8,8.7911231096e+05
MSSBOA+LPSR,F30,9,8.7262007759e+05
MSSBOA+LPSR,F30,10,9.0347079283e+05
MSSBOA+LPSR,F30,11,1.7486675420e+06
MSSBOA-free,F1,0,3.1615873162e+03
MSSBOA-free,F1,1,2.5864148424e+04
MSSBOA-free,F1,2,3.4023854573e+03
MSSBOA-free,F1,3,1.4248164438e+04
MSSBOA-free,F1,4,1.6425838798e+03
MSSBOA-free,F1,5,7.5993105768e+03
MSSBOA-free,F1,6,9.8026409875e+04
MSSBOA-free,F1,7,4.3611553313e+03
MSSBOA-free,F1,8,3.7377344854e+03
MSSBOA-free,F1,9,3.7234274312e+03
MSSBOA-free,F1,10,8.8125489120e+03
MSSBOA-free,F1,11,5.0591997159e+03
MSSBOA-free,F3,0,1.9613531827e+01
MSSBOA-free,F3,1,2.4310716764e+02
MSSBOA-free,F3,2,1.0812341471e+02
MSSBOA-free,F3,3,1.3881945836e+01
MSSBOA-free,F3,4,5.2284548602e+02
MSSBOA-free,F3,5,5.0674167707e+01
MSSBOA-free,F3,6,2.5727791099e+02
MSSBOA-free,F3,7,1.1526812072e+02
MSSBOA-free,F3,8,9.6598063082e+01
MSSBOA-free,F3,9,1.0384174861e+02
MSSBOA-free,F3,10,9.6546726962e+01
MSSBOA-free,F3,11,3.6531555029e+01
MSSBOA-free,F4,0,5.6388168494e+00
MSSBOA-free,F4,1,6.4912750130e+00
MSSBOA-free,F4,2,5.2059168381e+00
MSSBOA-free,F4,3,5.4385585073e+00
MSSBOA-free,F4,4,7.3175793957e+00
MSSBOA-free,F4,5,6.5310660609e+00
MSSBOA-free,F4,6,2.0802105369e+00
MSSBOA-free,F4,7,7.2822713630e+00
MSSBOA-free,F4,8,7.0073310958e+00
MSSBOA-free,F4,9,7.6232794311e+00
MSSBOA-free,F4,10,7.3722940512e+00
MSSBOA-free,F4,11,5.9428377962e+00
MSSBOA-free,F5,0,1.1579106949e+01
MSSBOA-free,F5,1,1.1104576598e+01
MSSBOA-free,F5,2,7.1466796613e+00
MSSBOA-free,F5,3,2.4251833540e+01
MSSBOA-free,F5,4,1.0404417343e+01
MSSBOA-free,F5,5,1.4371463499e+01
MSSBOA-free,F5,6,1.0591123378e+01
MSSBOA-free,F5,7,2.4395119224e+01
MSSBOA-free,F5,8,9.1814880120e+00
MSSBOA-free,F5,9,9.6633556937e+00
MSSBOA-free,F5,10,8.4733699229e+00
MSSBOA-free,F5,11,9.2904895506e+00
MSSBOA-free,F6,0,3.9596653558e-01
MSSBOA-free,F6,1,1.0528779447e+00
MSSBOA-free,F6,2,5.1513722295e-01
MSSBOA-free,F6,3,8.4517332522e-01
MSSBOA-free,F6,4,7.6977316371e-01
MSSBOA-free,F6,5,1.8645691228e-01
MSSBOA-free,F6,6,2.5163614783e+00
MSSBOA-free,F6,7,1.4778677429e+00
MSSBOA-free,F6,8,9.4978067088e-01
MSSBOA-free,F6,9,1.3796110670e+00
MSSBOA-free,F6,10,2.7021373736e-02
MSSBOA-free,F6,11,6.4749259236e-01
MSSBOA-free,F7,0,1.4613134258e+01
MSSBOA-free,F7,1,1.8937863253e+01
MSSBOA-free,F7,2,4.1182486222e+01
MSSBOA-free,F7,3,2.4010612897e+01
MSSBOA-free,F7,4,2.4405950579e+01
MSSBOA-free,F7,5,3.3935635254e+01
MSSBOA-free,F7,6,2.5718082948e+01
MSSBOA-free,F7,7,2.0423924510e+01
MSSBOA-free,F7,8,1.9673416659e+01
MSSBOA-free,F7,9,3.1120995232e+01
MSSBOA-free,F7,10,1.5658436588e+01
MSSBOA-free,F7,11,2.6520245229e+01
MSSBOA-free,F8,0,1.2003221945e+01
MSSBOA-free,F8,1,7.1167337168e+00
MSSBOA-free,F8,2,1.3316395965e+01
MSSBOA-free,F8,3,1.0674316594e+01
MSSBOA-free,F8,4,1.7931809436e+01
MSSBOA-free,F8,5,9.0119502167e+00
MSSBOA-free,F8,6,9.0097472463e+00
MSSBOA-free,F8,7,1.6975209623e+01
MSSBOA-free,F8,8,9.7117354373e+00
MSSBOA-free,F8,9,8.0945812429e+00
MSSBOA-free,F8,10,2.1010049368e+01
MSSBOA-free,F8,11,9.2350426489e+00
MSSBOA-free,F9,0,4.5144907403e-05
MSSBOA-free,F9,1,5.6081864206e-01
MSSBOA-free,F9,2,3.9098829055e-03
MSSBOA-free,F9,3,1.2132754311e-02
MSSBOA-free,F9,4,4.7244999748e-02
MSSBOA-free,F9,5,9.0222757355e-02
MSSBOA-free,F9,6,4.0972168148e-02
MSSBOA-free,F9,7,9.3422196826e-02
MSSBOA-free,F9,8,2.9758380299e-03
MSSBOA-free,F9,9,9.8810568591e-03
MSSBOA-free,F9,10,1.1821145267e-03
MSSBOA-free,F9,11,1.6500648113e-01
MSSBOA-free,F10,0,1.1418633211e+03
MSSBOA-free,F10,1,7.4440316258e+02
MSSBOA-free,F10,2,1.9955963327e+02
MSSBOA-free,F10,3,9.8292065518e+02
MSSBOA-free,F10,4,2.8582374793e+02
MSSBOA-free,F10,5,4.2680789423e+02
MSSBOA-free,F10,6,9.6660367224e+02
MSSBOA-free,F10,7,6.4594676824e+02
MSSBOA-free,F10,8,5.7677751959e+02
MSSBOA-free,F10,9,8.1330577455e+02
MSSBOA-free,F10,10,6.3573987421e+02
MSSBOA-free,F10,11,2.5901251226e+02
MSSBOA-free,F11,0,4.4039301975e+00
MSSBOA-free,F11,1,1.1930157483e+01
MSSBOA-free,F11,2,8.7351860569e+00
MSSBOA-free,F11,3,7.3672687166e+00
MSSBOA-free,F11,4,1.1637211760e+01
MSSBOA-free,F11,5,8.9975267480e+00
MSSBOA-free,F11,6,8.3046713494e+00
MSSBOA-free,F11,7,4.5548619785e+00
MSSBOA-free,F11,8,4.9955941493e+00
MSSBOA-free,F11,9,1.0132174559e+01
MSSBOA-free,F11,10,7.2286952324e+00
MSSBOA-free,F11,11,5.2256173318e+00
MSSBOA-free,F12,0,2.1965602863e+06
MSSBOA-free,F12,1,3.0082045995e+05
MSSBOA-free,F12,2,1.5832750012e+05
MSSBOA-free,F12,3,9.7607156592e+04
MSSBOA-free,F12,4,3.1841613179e+06
MSSBOA-free,F12,5,4.7490062318e+06
MSSBOA-free,F12,6,9.7392617503e+05
MSSBOA-free,F12,7,5.8312217048e+06
MSSBOA-free,F12,8,1.8604961235e+06
MSSBOA-free,F12,9,5.4937892477e+04
MSSBOA-free,F12,10,6.3078785826e+04
MSSBOA-free,F12,11,8.2233995636e+05
MSSBOA-free,F13,0,1.9119145569e+04
MSSBOA-free,F13,1,6.6503589744e+03
MSSBOA-free,F13,2,1.2487141821e+03
MSSBOA-free,F13,3,1.8279449130e+04
MSSBOA-free,F13,4,1.9165989417e+04
MSSBOA-free,F13,5,3.2405281656e+04
MSSBOA-free,F13,6,1.8578262079e+04
MSSBOA-free,F13,7,6.7604400672e+03
MSSBOA-free,F13,8,8.8520919096e+03
MSSBOA-free,F13,9,2.7520987637e+04
MSSBOA-free,F13,10,1.5315113210e+04
MSSBOA-free,F13,11,3.0114474343e+04
MSSBOA-free,F14,0,4.2715215319e+02
MSSBOA-free,F14,1,2.6491349678e+02
MSSBOA-free,F14,2,2.4702667883e+02
MSSBOA-free,F14,3,2.4714157614e+02
MSSBOA-free,F14,4,1.7859136669e+02
MSSBOA-free,F14,5,8.3879666887e+01
MSSBOA-free,F14,6,5.7383233946e+02
MSSBOA-free,F14,7,2.1922851356e+02
MSSBOA-free,F14,8,1.3559524275e+02
MSSBOA-free,F14,9,2.8232422090e+02
MSSBOA-free,F14,10,1.9746710320e+02
MSSBOA-free,F14,11,1.5240967537e+03
MSSBOA-free,F15,0,2.2167833183e+03
MSSBOA-free,F15,1,2.0250258018e+03
MSSBOA-free,F15,2,1.0500242753e+04
MSSBOA-free,F15,3,3.1680977903e+03
MSSBOA-free,F15,4,5.2731815471e+03
MSSBOA-free,F15,5,1.1079357873e+03
MSSBOA-free,F15,6,2.0504851448e+02
MSSBOA-free,F15,7,3.0745311193e+03
MSSBOA-free,F15,8,1.7984939365e+03
MSSBOA-free,F15,9,6.5779026502e+02
MSSBOA-free,F15,10,1.6807015380e+03
MSSBOA-free,F15,11,1.5809265934e+03
MSSBOA-free,F16,0,1.9277173571e+00
MSSBOA-free,F16,1,3.3417003241e+00
MSSBOA-free,F16,2,3.9422388816e+01
MSSBOA-free,F16,3,6.7668685271e+00
MSSBOA-free,F16,4,1.3919895828e+02
MSSBOA-free,F16,5,4.0162800416e+01
MSSBOA-free,F16,6,1.0868207117e+01
MSSBOA-free,F16,7,3.9499190684e+01
MSSBOA-free,F16,8,6.5242403539e+00
MSSBOA-free,F16,9,7.6893485533e+00
MSSBOA-free,F16,10,2.9254389764e+00
MSSBOA-free,F16,11,4.1480536210e+01
MSSBOA-free,F17,0,4.4825715004e+01
MSSBOA-free,F17,1,4.6223171416e+01
MSSBOA-free,F17,2,4.8693285613e+01
MSSBOA-free,F17,3,3.8596960650e+01
MSSBOA-free,F17,4,2.7256515327e+01
MSSBOA-free,F17,5,4.4075009896e+01
MSSBOA-free,F17,6,4.3195295733e+01
MSSBOA-free,F17,7,4.5629472378e+01
MSSBOA-free,F17,8,2.6884530108e+01
MSSBOA-free,F17,9,4.5358055397e+01
MSSBOA-free,F17,10,4.2810402150e+01
MSSBOA-free,F17,11,2.9683747878e+01
MSSBOA-free,F18,0,6.1677178640e+03
MSSBOA-free,F18,1,1.5189022063e+04
MSSBOA-free,F18,2,4.1267507685e+03
MSSBOA-free,F18,3,4.3641281437e+03
MSSBOA-free,F18,4,3.1113393650e+04
MSSBOA-free,F18,5,8.1600859585e+03
MSSBOA-free,F18,6,1.9575090043e+03
MSSBOA-free,F18,7,1.0353904309e+04
MSSBOA-free,F18,8,1.3283794366e+04
MSSBOA-free,F18,9,9.4547520856e+03
MSSBOA-free,F18,10,3.0894675447e+04
MSSBOA-free,F18,11,2.7619543709e+04
MSSBOA-free,F19,0,2.1122116474e+02
MSSBOA-free,F19,1,4.5113457678e+02
MSSBOA-free,F19,2,9.8850260782e+02
MSSBOA-free,F19,3,3.3720653367e+03
MSSBOA-free,F19,4,1.1308391381e+03
MSSBOA-free,F19,5,1.3714872468e+02
MSSBOA-free,F19,6,2.2413868821e+03
MSSBOA-free,F19,7,2.7203327703e+02
MSSBOA-free,F19,8,2.0202553077e+02
MSSBOA-free,F19,9,2.5799108416e+03
MSSBOA-free,F19,10,2.0890109096e+02
MSSBOA-free,F19,11,2.6851597046e+03
MSSBOA-free,F20,0,8.5224989536e+00
MSSBOA-free,F20,1,2.3369907858e+01
MSSBOA-free,F20,2,3.3288368960e+01
MSSBOA-free,F20,3,3.3294499585e+01
MSSBOA-free,F20,4,2.9518339349e+01
MSSBOA-free,F20,5,2.4717904258e+01
MSSBOA-free,F20,6,3.2363665536e+01
MSSBOA-free,F20,7,2.4943388702e+01
MSSBOA-free,F20,8,4.3548332848e+01
MSSBOA-free,F20,9,2.2884950009e+01
MSSBOA-free,F20,10,2.3950123758e+01
MSSBOA-free,F20,11,3.4381626914e+01
MSSBOA-free,F21,0,2.1090756589e+02
MSSBOA-free,F21,1,2.0361878830e+02
MSSBOA-free,F21,2,2.2290905616e+02
MSSBOA-free,F21,3,2.0978090462e+02
MSSBOA-free,F21,4,2.1732877591e+02
MSSBOA-free,F21,5,1.0505759202e+02
MSSBOA-free,F21,6,1.0369301635e+02
MSSBOA-free,F21,7,1.0206985711e+02
MSSBOA-free,F21,8,2.1548153712e+02
MSSBOA-free,F21,9,2.0600024416e+02
MSSBOA-free,F21,10,1.0447210725e+02
MSSBOA-free,F21,11,2.1071181504e+02
MSSBOA-free,F22,0,1.0230468029e+02
MSSBOA-free,F22,1,1.0069554906e+02
MSSBOA-free,F22,2,1.0245179980e+02
MSSBOA-free,F22,3,1.0048561200e+02
MSSBOA-free,F22,4,1.0029220397e+02
MSSBOA-free,F22,5,1.0201889698e+02
MSSBOA-free,F22,6,1.0167867987e+02
MSSBOA-free,F22,7,1.0117649704e+02
MSSBOA-free,F22,8,1.0073915916e+02
MSSBOA-free,F22,9,1.0041603585e+02
MSSBOA-free,F22,10,1.0073187453e+02
MSSBOA-free,F22,11,1.0163085165e+02
MSSBOA-free,F23,0,3.1710944323e+02
MSSBOA-free,F23,1,3.2051707227e+02
MSSBOA-free,F23,2,3.1803448338e+02
MSSBOA-free,F23,3,3.1646572622e+02
MSSBOA-free,F23,4,3.1989455648e+02
MSSBOA-free,F23,5,3.1138081023e+02
MSSBOA-free,F23,6,3.1416819552e+02
MSSBOA-free,F23,7,3.2033199720e+02
MSSBOA-free,F23,8,3.1370487440e+02
MSSBOA-free,F23,9,3.1005740807e+02
MSSBOA-free,F23,10,3.1864687014e+02
MSSBOA-free,F23,11,3.1849042160e+02
MSSBOA-free,F24,0,3.3633853736e+02
MSSBOA-free,F24,1,3.3844321415e+02
MSSBOA-free,F24,2,3.4210242299e+02
MSSBOA-free,F24,3,1.0341556271e+02
MSSBOA-free,F24,4,3.3497847744e+02
MSSBOA-free,F24,5,3.4188842491e+02
MSSBOA-free,F24,6,3.4633577649e+02
MSSBOA-free,F24,7,3.4952735790e+02
MSSBOA-free,F24,8,3.4050765898e+02
MSSBOA-free,F24,9,3.3542018194e+02
MSSBOA-free,F24,10,3.4556806795e+02
MSSBOA-free,F24,11,1.0564768666e+02
MSSBOA-free,F25,0,4.4548457929e+02
MSSBOA-free,F25,1,4.4529836400e+02
MSSBOA-free,F25,2,3.9981453038e+02
MSSBOA-free,F25,3,3.9958958916e+02
MSSBOA-free,F25,4,3.9984382807e+02
MSSBOA-free,F25,5,4.4389290769e+02
MSSBOA-free,F25,6,3.9962598337e+02
MSSBOA-free,F25,7,4.4430381102e+02
MSSBOA-free,F25,8,3.9790781510e+02
MSSBOA-free,F25,9,3.9948707556e+02
MSSBOA-free,F25,10,4.4387061457e+02
MSSBOA-free,F25,11,4.4771971472e+02
MSSBOA-free,F26,0,3.0010541206e+02
MSSBOA-free,F26,1,3.0030555448e+02
MSSBOA-free,F26,2,3.0003633864e+02
MSSBOA-free,F26,3,3.4714916064e+02
MSSBOA-free,F26,4,3.9043622489e+02
MSSBOA-free,F26,5,3.0198282261e+02
MSSBOA-free,F26,6,3.0126616241e+02
MSSBOA-free,F26,7,3.0012404627e+02
MSSBOA-free,F26,8,3.0166040573e+02
MSSBOA-free,F26,9,3.0200349537e+02
MSSBOA-free,F26,10,3.0060304874e+02
MSSBOA-free,F26,11,3.5540705849e+02
MSSBOA-free,F27,0,3.9515119743e+02
MSSBOA-free,F27,1,3.8995555528e+02
MSSBOA-free,F27,2,3.9066427376e+02
MSSBOA-free,F27,3,3.9242133965e+02
MSSBOA-free,F27,4,3.9009820596e+02
MSSBOA-free,F27,5,3.9119837474e+02
MSSBOA-free,F27,6,3.8966210647e+02
MSSBOA-free,F27,7,3.9000200756e+02
MSSBOA-free,F27,8,3.8998784364e+02
MSSBOA-free,F27,9,3.9403081337e+02
MSSBOA-free,F27,10,3.9548541318e+02
MSSBOA-free,F27,11,3.8997716404e+02
MSSBOA-free,F28,0,3.7242996945e+02
MSSBOA-free,F28,1,4.1700900773e+02
MSSBOA-free,F28,2,3.7372282070e+02
MSSBOA-free,F28,3,3.7046648367e+02
MSSBOA-free,F28,4,3.7204874822e+02
MSSBOA-free,F28,5,6.1182166589e+02
MSSBOA-free,F28,6,4.1750306440e+02
MSSBOA-free,F28,7,4.1670124641e+02
MSSBOA-free,F28,8,3.7777387803e+02
MSSBOA-free,F28,9,3.7519310619e+02
MSSBOA-free,F28,10,4.1695917003e+02
MSSBOA-free,F28,11,6.1182166644e+02
MSSBOA-free,F29,0,2.8914742949e+02
MSSBOA-free,F29,1,3.0734044398e+02
MSSBOA-free,F29,2,2.7346986059e+02
MSSBOA-free,F29,3,3.1911329145e+02
MSSBOA-free,F29,4,2.9152151521e+02
MSSBOA-free,F29,5,2.9876771173e+02
MSSBOA-free,F29,6,2.8116320843e+02
MSSBOA-free,F29,7,2.7189152816e+02
MSSBOA-free,F29,8,2.7240926955e+02
MSSBOA-free,F29,9,2.4084257719e+02
MSSBOA-free,F29,10,3.0262901108e+02
MSSBOA-free,F29,11,2.4271301618e+02
MSSBOA-free,F30,0,4.1067962475e+04
MSSBOA-free,F30,1,1.7083909487e+06
MSSBOA-free,F30,2,7.2459002155e+05
MSSBOA-free,F30,3,7.8534125743e+05
MSSBOA-free,F30,4,1.2685171350e+05
MSSBOA-free,F30,5,6.8438380767e+04
MSSBOA-free,F30,6,4.9940330368e+04
MSSBOA-free,F30,7,2.1111278261e+06
MSSBOA-free,F30,8,2.5365801791e+05
MSSBOA-free,F30,9,8.2523381758e+05
MSSBOA-free,F30,10,7.3122058493e+05
MSSBOA-free,F30,11,2.5798318900e+04
SBOA,F1,0,7.4322951767e+03
SBOA,F1,1,8.7378793542e+02
SBOA,F1,2,1.3615650452e+03
SBOA,F1,3,1.3459350402e+03
SBOA,F1,4,8.2120275427e+03
SBOA,F1,5,6.7135226243e+02
SBOA,F1,6,4.5519644222e+02
SBOA,F1,7,2.1235813721e+03
SBOA,F1,8,9.9753411647e+03
SBOA,F1,9,4.1487507201e+03
SBOA,F1,10,9.8576363830e+03
SBOA,F1,11,2.5736987428e+03
SBOA,F3,0,8.6168115634e+00
SBOA,F3,1,2.8497727851e+01
SBOA,F3,2,4.6788920026e+01
SBOA,F3,3,2.6811938042e+01
SBOA,F3,4,8.5697129461e+00
SBOA,F3,5,4.9717611295e+02
SBOA,F3,6,6.9899429354e+01
SBOA,F3,7,3.1309651693e+01
SBOA,F3,8,1.0569438781e+02
SBOA,F3,9,2.2357793397e+02
SBOA,F3,10,1.5329495267e+01
SBOA,F3,11,1.3212691299e+02
SBOA,F4,0,6.1067442526e+00
SBOA,F4,1,5.3307807576e+00
SBOA,F4,2,7.0282134497e+00
SBOA,F4,3,6.9000136873e+00
SBOA,F4,4,7.3170632091e+00
SBOA,F4,5,5.2492512538e+00
SBOA,F4,6,6.8904492458e+00
SBOA,F4,7,3.1937856481e+00
SBOA,F4,8,7.3945926115e+00
SBOA,F4,9,6.9745543662e+00
SBOA,F4,10,7.0877680287e+00
SBOA,F4,11,4.6463266517e+00
SBOA,F5,0,1.7909421024e+01
SBOA,F5,1,5.8868519077e+00
SBOA,F5,2,2.8418449728e+01
SBOA,F5,3,1.8001675851e+01
SBOA,F5,4,8.5947593848e+00
SBOA,F5,5,9.9501339430e+00
SBOA,F5,6,2.0134968857e+01
SBOA,F5,7,8.9557813699e+00
SBOA,F5,8,1.2935377495e+01
SBOA,F5,9,7.0574768760e+00
SBOA,F5,10,1.1495139306e+01
SBOA,F5,11,1.8156048201e+01
SBOA,F6,0,6.0790798410e-01
SBOA,F6,1,1.0052247120e-01
SBOA,F6,2,7.4018474956e-02
SBOA,F6,3,8.4080921772e-02
SBOA,F6,4,1.5315997683e-01
SBOA,F6,5,9.4839411825e-01
SBOA,F6,6,2.2278046162e-01
SBOA,F6,7,1.1928967763e+00
SBOA,F6,8,4.1244032843e-01
SBOA,F6,9,7.3082140505e-01
SBOA,F6,10,1.2781361382e-01
SBOA,F6,11,1.6090501961e+00
SBOA,F7,0,2.0176273512e+01
SBOA,F7,1,2.1331161711e+01
SBOA,F7,2,1.6435803444e+01
SBOA,F7,3,2.0636638357e+01
SBOA,F7,4,1.9838875909e+01
SBOA,F7,5,1.5822768671e+01
SBOA,F7,6,3.0137537862e+01
SBOA,F7,7,2.2078753110e+01
SBOA,F7,8,2.2091608004e+01
SBOA,F7,9,2.7400807486e+01
SBOA,F7,10,1.9346236354e+01
SBOA,F7,11,2.8141143496e+01
SBOA,F8,0,1.2934532371e+01
SBOA,F8,1,2.3888235853e+01
SBOA,F8,2,7.9725412872e+00
SBOA,F8,3,2.9917438783e+00
SBOA,F8,4,8.9605982507e+00
SBOA,F8,5,9.1630587025e+00
SBOA,F8,6,3.9826657003e+00
SBOA,F8,7,9.9496973659e+00
SBOA,F8,8,1.3936013910e+01
SBOA,F8,9,1.4931000713e+01
SBOA,F8,10,1.6993155460e+01
SBOA,F8,11,1.4962894335e+01
SBOA,F9,0,8.5313791271e-04
SBOA,F9,1,4.5849153307e-01
SBOA,F9,2,3.9925438068e-04
SBOA,F9,3,7.9440094366e-02
SBOA,F9,4,8.9563477900e-04
SBOA,F9,5,1.1154204801e-02
SBOA,F9,6,2.9558572166e-03
SBOA,F9,7,2.6891829367e-03
SBOA,F9,8,9.3095301987e-02
SBOA,F9,9,3.2639397227e-03
SBOA,F9,10,7.1359655465e-04
SBOA,F9,11,6.0160015400e-03
SBOA,F10,0,8.7361187287e+02
SBOA,F10,1,5.4251526176e+02
SBOA,F10,2,4.5441587398e+02
SBOA,F10,3,5.8015875656e+02
SBOA,F10,4,5.5791305492e+02
SBOA,F10,5,7.3400623089e+02
SBOA,F10,6,8.4079665183e+02
SBOA,F10,7,4.7464884358e+02
SBOA,F10,8,7.9186404250e+02
SBOA,F10,9,1.0618438626e+03
SBOA,F10,10,9.5383572332e+02
SBOA,F10,11,8.2040733439e+02
SBOA,F11,0,1.2940636830e+01
SBOA,F11,1,2.2342479754e+00
SBOA,F11,2,1.1233433413e+01
SBOA,F11,3,6.4384713590e+00
SBOA,F11,4,4.1786160450e+00
SBOA,F11,5,4.5446684221e+00
SBOA,F11,6,7.6838246366e+00
SBOA,F11,7,5.0071933129e+00
SBOA,F11,8,4.6579662808e+00
SBOA,F11,9,8.5932426427e+00
SBOA,F11,10,3.0674623859e+00
SBOA,F11,11,7.4822833042e+00
SBOA,F12,0,7.8461285524e+05
SBOA,F12,1,4.5533435192e+04
SBOA,F12,2,8.6480995211e+05
SBOA,F12,3,1.0305553216e+06
SBOA,F12,4,1.8574846657e+05
SBOA,F12,5,2.1596373680e+05
SBOA,F12,6,1.0024982158e+05
SBOA,F12,7,1.8055094446e+06
SBOA,F12,8,3.3614868554e+06
SBOA,F12,9,7.4452168745e+04
SBOA,F12,10,1.9824932705e+05
SBOA,F12,11,2.0296710693e+04
SBOA,F13,0,6.6963265243e+03
SBOA,F13,1,3.0906561654e+03
SBOA,F13,2,3.9252658790e+03
SBOA,F13,3,9.4284434539e+02
SBOA,F13,4,4.8732457943e+03
SBOA,F13,5,6.9174260858e+03
SBOA,F13,6,1.5376500194e+03
SBOA,F13,7,1.1498860643e+04
SBOA,F13,8,1.4494325798e+03
SBOA,F13,9,1.8496928818e+03
SBOA,F13,10,1.2020842199e+03
SBOA,F13,11,5.7043932183e+03
SBOA,F14,0,1.8165711671e+02
SBOA,F14,1,3.0696607957e+02
SBOA,F14,2,5.7936221304e+02
SBOA,F14,3,2.4638446121e+02
SBOA,F14,4,2.2845321077e+02
SBOA,F14,5,1.0660091944e+02
SBOA,F14,6,1.8998958668e+02
SBOA,F14,7,4.1420810404e+02
SBOA,F14,8,1.4828540671e+02
SBOA,F14,9,2.0198377228e+02
SBOA,F14,10,2.8581721953e+02
SBOA,F14,11,1.0479801246e+02
SBOA,F15,0,1.5257021295e+03
SBOA,F15,1,3.2414519539e+02
SBOA,F15,2,1.8654859652e+03
SBOA,F15,3,4.6396114005e+03
SBOA,F15,4,4.1571679922e+03
SBOA,F15,5,1.5180300746e+03
SBOA,F15,6,3.9010781790e+02
SBOA,F15,7,1.8660536860e+03
SBOA,F15,8,3.7780219287e+03
SBOA,F15,9,1.7971207818e+02
SBOA,F15,10,7.1348094828e+02
SBOA,F15,11,5.7110142973e+03
SBOA,F16,0,1.2072059380e+02
SBOA,F16,1,1.4021934243e+01
SBOA,F16,2,1.4926705437e+01
SBOA,F16,3,1.5534340911e+00
SBOA,F16,4,1.3821310294e+01
SBOA,F16,5,1.7421472638e+01
SBOA,F16,6,3.9269740664e+01
SBOA,F16,7,1.3610203327e+01
SBOA,F16,8,1.3653767761e+01
SBOA,F16,9,3.1293095195e+00
SBOA,F16,10,3.9553176271e+00
SBOA,F16,11,1.5561148777e+00
SBOA,F17,0,3.3855728639e+01
SBOA,F17,1,2.4964475769e+01
SBOA,F17,2,2.0263207477e+01
SBOA,F17,3,4.3485829752e+01
SBOA,F17,4,4.3602188796e+01
SBOA,F17,5,4.5283157873e+01
SBOA,F17,6,5.8548011901e+01
SBOA,F17,7,4.0530498954e+01
SBOA,F17,8,4.8311504481e+01
SBOA,F17,9,2.2463493963e+01
SBOA,F17,10,4.7009276535e+01
SBOA,F17,11,3.8046597164e+01
SBOA,F18,0,1.8771497208e+04
SBOA,F18,1,2.4750436201e+03
SBOA,F18,2,6.6497808494e+02
SBOA,F18,3,1.4843325657e+03
SBOA,F18,4,3.8112711787e+03
SBOA,F18,5,3.3800872998e+04
SBOA,F18,6,7.3829698587e+03
SBOA,F18,7,7.1902690994e+03
SBOA,F18,8,2.1533060623e+04
SBOA,F18,9,5.2707347261e+04
SBOA,F18,10,3.8032654929e+04
SBOA,F18,11,7.7554503298e+03
SBOA,F19,0,2.3624907414e+02
SBOA,F19,1,9.6120932783e+02
SBOA,F19,2,1.1033875635e+02
SBOA,F19,3,2.5643553761e+03
SBOA,F19,4,4.2739391870e+02
SBOA,F19,5,5.1188923065e+03
SBOA,F19,6,2.3270744420e+03
SBOA,F19,7,9.6893192452e+02
SBOA,F19,8,1.4714292551e+03
SBOA,F19,9,2.3392898833e+03
SBOA,F19,10,3.5118178918e+02
SBOA,F19,11,1.7714086282e+02
SBOA,F20,0,3.0168324925e+01
SBOA,F20,1,2.8289997022e+01
SBOA,F20,2,3.2703661761e+00
SBOA,F20,3,2.5648558755e+01
SBOA,F20,4,2.7735126055e+01
SBOA,F20,5,9.1158859509e+00
SBOA,F20,6,2.6600694839e+01
SBOA,F20,7,2.3955758100e+01
SBOA,F20,8,2.9304446217e+01
SBOA,F20,9,2.1852411144e+01
SBOA,F20,10,3.0058295723e+00
SBOA,F20,11,3.5660595632e+01
SBOA,F21,0,2.1073101240e+02
SBOA,F21,1,1.0259983693e+02
SBOA,F21,2,1.0336261179e+02
SBOA,F21,3,2.1163026412e+02
SBOA,F21,4,1.0418684961e+02
SBOA,F21,5,2.0902376888e+02
SBOA,F21,6,1.0363103039e+02
SBOA,F21,7,1.0394619069e+02
SBOA,F21,8,2.1273325259e+02
SBOA,F21,9,2.1059323507e+02
SBOA,F21,10,2.2388279149e+02
SBOA,F21,11,1.0258130217e+02
SBOA,F22,0,1.0038785331e+02
SBOA,F22,1,1.1568732753e+01
SBOA,F22,2,1.0102201946e+02
SBOA,F22,3,1.0057166527e+02
SBOA,F22,4,1.0001548528e+02
SBOA,F22,5,1.0000780695e+02
SBOA,F22,6,1.0178198014e+02
SBOA,F22,7,1.0069257601e+02
SBOA,F22,8,1.0015258284e+02
SBOA,F22,9,1.0002270050e+02
SBOA,F22,10,1.0036717578e+02
SBOA,F22,11,1.0067141894e+02
SBOA,F23,0,3.1057584567e+02
SBOA,F23,1,3.0575115425e+02
SBOA,F23,2,3.0712235109e+02
SBOA,F23,3,3.0937600384e+02
SBOA,F23,4,3.0667920135e+02
SBOA,F23,5,3.1603805450e+02
SBOA,F23,6,3.0675546006e+02
SBOA,F23,7,3.1970008105e+02
SBOA,F23,8,3.0977824509e+02
SBOA,F23,9,3.2980041016e+02
SBOA,F23,10,3.1293980111e+02
SBOA,F23,11,3.2504829667e+02
SBOA,F24,0,3.3821218690e+02
SBOA,F24,1,3.4350239368e+02
SBOA,F24,2,3.3775819352e+02
SBOA,F24,3,3.5089067753e+02
SBOA,F24,4,3.4138202795e+02
SBOA,F24,5,3.3515701262e+02
SBOA,F24,6,3.4079974510e+02
SBOA,F24,7,3.4439072832e+02
SBOA,F24,8,3.3314850046e+02
SBOA,F24,9,3.4542630466e+02
SBOA,F24,10,3.3709678551e+02
SBOA,F24,11,3.3956835554e+02
SBOA,F25,0,4.4461391125e+02
SBOA,F25,1,4.4725583968e+02
SBOA,F25,2,3.9842300139e+02
SBOA,F25,3,3.9962100602e+02
SBOA,F25,4,4.4390449961e+02
SBOA,F25,5,3.9899150190e+02
SBOA,F25,6,4.0483657791e+02
SBOA,F25,7,4.4406072377e+02
SBOA,F25,8,4.0019331588e+02
SBOA,F25,9,4.4412002880e+02
SBOA,F25,10,3.9861680925e+02
SBOA,F25,11,3.9845359396e+02
SBOA,F26,0,3.0003836945e+02
SBOA,F26,1,4.3181808706e+02
SBOA,F26,2,3.0005620602e+02
SBOA,F26,3,3.0004104971e+02
SBOA,F26,4,3.0002209098e+02
SBOA,F26,5,3.0001139448e+02
SBOA,F26,6,3.0004307468e+02
SBOA,F26,7,3.4714997022e+02
SBOA,F26,8,3.0001486998e+02
SBOA,F26,9,3.0006789067e+02
SBOA,F26,10,3.0004174997e+02
SBOA,F26,11,3.0003749957e+02
SBOA,F27,0,3.9076660742e+02
SBOA,F27,1,3.9598473973e+02
SBOA,F27,2,3.9687654836e+02
SBOA,F27,3,3.8998605181e+02
SBOA,F27,4,3.9518119655e+02
SBOA,F27,5,3.8972390726e+02
SBOA,F27,6,3.9598594619e+02
SBOA,F27,7,3.8903431910e+02
SBOA,F27,8,3.9625380161e+02
SBOA,F27,9,3.9260294524e+02
SBOA,F27,10,3.9854767785e+02
SBOA,F27,11,3.9356865604e+02
SBOA,F28,0,3.7458006186e+02
SBOA,F28,1,3.6879112006e+02
SBOA,F28,2,3.9666897525e+02
SBOA,F28,3,4.1573811028e+02
SBOA,F28,4,4.1844967454e+02
SBOA,F28,5,4.1730648212e+02
SBOA,F28,6,3.7180220592e+02
SBOA,F28,7,4.1590028266e+02
SBOA,F28,8,4.1792171012e+02
SBOA,F28,9,3.7359959025e+02
SBOA,F28,10,4.1857171669e+02
SBOA,F28,11,3.6264418712e+02
SBOA,F29,0,2.7536102865e+02
SBOA,F29,1,2.4969132639e+02
SBOA,F29,2,2.4296393065e+02
SBOA,F29,3,3.0019172030e+02
SBOA,F29,4,2.4907040159e+02
SBOA,F29,5,3.1729528693e+02
SBOA,F29,6,2.9292817286e+02
SBOA,F29,7,2.8037290484e+02
SBOA,F29,8,3.4550360951e+02
SBOA,F29,9,2.5159145260e+02
SBOA,F29,10,2.4748309701e+02
SBOA,F29,11,2.6470533811e+02
SBOA,F30,0,1.1404923006e+06
SBOA,F30,1,1.6156477921e+05
SBOA,F30,2,1.5090159127e+06
SBOA,F30,3,6.9967545462e+04
SBOA,F30,4,1.7393124582e+03
SBOA,F30,5,6.9973831059e+05
SBOA,F30,6,1.2943006027e+06
SBOA,F30,7,1.9119596717e+06
SBOA,F30,8,1.9500480664e+05
SBOA,F30,9,5.0975536211e+04
SBOA,F30,10,1.6148449249e+06
SBOA,F30,11,8.5078761916e+05
SBOA+LPSR,F1,0,1.2491018476e+03
SBOA+LPSR,F1,1,4.1906638223e+03
SBOA+LPSR,F1,2,1.3379480868e+04
SBOA+LPSR,F1,3,5.0779826592e+03
SBOA+LPSR,F1,4,4.2187343713e+05
SBOA+LPSR,F1,5,6.7935616429e+02
SBOA+LPSR,F1,6,1.4944662093e+06
SBOA+LPSR,F1,7,1.9641840066e+03
SBOA+LPSR,F1,8,2.4586509340e+04
SBOA+LPSR,F1,9,9.3366823354e+04
SBOA+LPSR,F1,10,7.3737634218e+02
SBOA+LPSR,F1,11,1.7386068886e+03
SBOA+LPSR,F3,0,6.7165141478e+02
SBOA+LPSR,F3,1,1.2591475660e+03
SBOA+LPSR,F3,2,6.3113588193e+02
SBOA+LPSR,F3,3,1.6640875775e+02
SBOA+LPSR,F3,4,8.0054485850e+02
SBOA+LPSR,F3,5,6.2467036666e+02
SBOA+LPSR,F3,6,4.0581691126e+02
SBOA+LPSR,F3,7,5.3253172178e+02
SBOA+LPSR,F3,8,2.0595069753e+02
SBOA+LPSR,F3,9,1.0602626516e+02
SBOA+LPSR,F3,10,1.6994169642e+02
SBOA+LPSR,F3,11,4.2388402760e+02
SBOA+LPSR,F4,0,5.5298574194e+00
SBOA+LPSR,F4,1,7.2289306567e+00
SBOA+LPSR,F4,2,6.7535127442e+00
SBOA+LPSR,F4,3,6.9671890541e+00
SBOA+LPSR,F4,4,3.6895931594e+00
SBOA+LPSR,F4,5,5.7196004516e+00
SBOA+LPSR,F4,6,7.2769365003e+00
SBOA+LPSR,F4,7,6.2769674388e+00
SBOA+LPSR,F4,8,7.0840804014e+00
SBOA+LPSR,F4,9,6.3444653467e+00
SBOA+LPSR,F4,10,7.4486189245e+00
SBOA+LPSR,F4,11,6.1907143751e+00
SBOA+LPSR,F5,0,9.3758532048e+00
SBOA+LPSR,F5,1,6.1012213309e+00
SBOA+LPSR,F5,2,2.2978311568e+01
SBOA+LPSR,F5,3,2.1290151806e+01
SBOA+LPSR,F5,4,1.0298321095e+01
SBOA+LPSR,F5,5,1.2456093320e+01
SBOA+LPSR,F5,6,7.7802406123e+00
SBOA+LPSR,F5,7,1.2985679757e+01
SBOA+LPSR,F5,8,1.6304650021e+01
SBOA+LPSR,F5,9,8.6661232288e+00
SBOA+LPSR,F5,10,2.4744102527e+01
SBOA+LPSR,F5,11,1.2368896859e+01
SBOA+LPSR,F6,0,1.1887846829e+00
SBOA+LPSR,F6,1,4.4225869562e-01
SBOA+LPSR,F6,2,3.3563627699e-01
SBOA+LPSR,F6,3,1.1202961678e+00
SBOA+LPSR,F6,4,3.3916569928e+00
SBOA+LPSR,F6,5,2.6513996007e+00
SBOA+LPSR,F6,6,2.5706543467e-01
SBOA+LPSR,F6,7,1.5085268674e+00
SBOA+LPSR,F6,8,1.4521544593e-01
SBOA+LPSR,F6,9,1.0684697667e+00
SBOA+LPSR,F6,10,8.8093491776e-01
SBOA+LPSR,F6,11,6.5719279859e-01
SBOA+LPSR,F7,0,1.9370855250e+01
SBOA+LPSR,F7,1,2.4860890625e+01
SBOA+LPSR,F7,2,3.1077567014e+01
SBOA+LPSR,F7,3,3.1443919175e+01
SBOA+LPSR,F7,4,3.0027349669e+01
SBOA+LPSR,F7,5,3.8041208439e+01
SBOA+LPSR,F7,6,3.6036544081e+01
SBOA+LPSR,F7,7,1.6270130624e+01
SBOA+LPSR,F7,8,1.9585314235e+01
SBOA+LPSR,F7,9,2.6793782810e+01
SBOA+LPSR,F7,10,1.7638728073e+01
SBOA+LPSR,F7,11,2.3849125715e+01
SBOA+LPSR,F8,0,1.1078521429e+01
SBOA+LPSR,F8,1,1.1718150640e+01
SBOA+LPSR,F8,2,8.9850039819e+00
SBOA+LPSR,F8,3,1.3114553159e+01
SBOA+LPSR,F8,4,1.3326880070e+01
SBOA+LPSR,F8,5,9.9806946845e+00
SBOA+LPSR,F8,6,1.1995192317e+01
SBOA+LPSR,F8,7,1.3967856705e+01
SBOA+LPSR,F8,8,1.2972765642e+01
SBOA+LPSR,F8,9,6.3581641555e+00
SBOA+LPSR,F8,10,1.3355591327e+01
SBOA+LPSR,F8,11,9.2587727425e+00
SBOA+LPSR,F9,0,5.9269371463e-03
SBOA+LPSR,F9,1,2.2361097938e-01
SBOA+LPSR,F9,2,9.9514381614e-02
SBOA+LPSR,F9,3,1.1898346781e-03
SBOA+LPSR,F9,4,5.5177105510e-03
SBOA+LPSR,F9,5,1.8177207254e+00
SBOA+LPSR,F9,6,6.9249196150e-01
SBOA+LPSR,F9,7,9.5693988395e-03
SBOA+LPSR,F9,8,4.9112022169e-02
SBOA+LPSR,F9,9,5.4615679014e-01
SBOA+LPSR,F9,10,9.2946699167e-02
SBOA+LPSR,F9,11,1.4859704294e-02
SBOA+LPSR,F10,0,1.0454901356e+03
SBOA+LPSR,F10,1,1.1469108300e+03
SBOA+LPSR,F10,2,5.9551480309e+02
SBOA+LPSR,F10,3,8.1376392656e+02
SBOA+LPSR,F10,4,1.1763126195e+03
SBOA+LPSR,F10,5,3.7414085206e+02
SBOA+LPSR,F10,6,1.0922530197e+03
SBOA+LPSR,F10,7,1.0348428455e+03
SBOA+LPSR,F10,8,7.6003373325e+02
SBOA+LPSR,F10,9,7.0486872915e+02
SBOA+LPSR,F10,10,9.2677822441e+02
SBOA+LPSR,F10,11,3.7551292062e+02
SBOA+LPSR,F11,0,6.6384838157e+00
SBOA+LPSR,F11,1,7.0227145026e+00
SBOA+LPSR,F11,2,1.2589919626e+01
SBOA+LPSR,F11,3,1.2483760126e+01
SBOA+LPSR,F11,4,7.2179901527e+00
SBOA+LPSR,F11,5,8.9344384885e+00
SBOA+LPSR,F11,6,4.2245091773e+00
SBOA+LPSR,F11,7,5.5726470856e+00
SBOA+LPSR,F11,8,9.5168601804e+00
SBOA+LPSR,F11,9,1.1762373820e+01
SBOA+LPSR,F11,10,4.4730816158e+00
SBOA+LPSR,F11,11,3.4072145877e+00
SBOA+LPSR,F12,0,2.2312476188e+04
SBOA+LPSR,F12,1,5.7517049808e+05
SBOA+LPSR,F12,2,4.2552280710e+05
SBOA+LPSR,F12,3,6.8392806874e+05
SBOA+LPSR,F12,4,4.9873623394e+05
SBOA+LPSR,F12,5,1.2467208537e+06
SBOA+LPSR,F12,6,2.7932747280e+06
SBOA+LPSR,F12,7,2.8905670489e+06
SBOA+LPSR,F12,8,4.4463371711e+06
SBOA+LPSR,F12,9,3.0024287413e+05
SBOA+LPSR,F12,10,1.5430961087e+05
SBOA+LPSR,F12,11,7.1924267376e+05
SBOA+LPSR,F13,0,5.4450523341e+03
SBOA+LPSR,F13,1,3.4004831718e+02
SBOA+LPSR,F13,2,1.3778141231e+04
SBOA+LPSR,F13,3,1.5353264277e+04
SBOA+LPSR,F13,4,9.6349682243e+03
SBOA+LPSR,F13,5,8.7400338356e+03
SBOA+LPSR,F13,6,1.2883736071e+04
SBOA+LPSR,F13,7,1.2218491887e+04
SBOA+LPSR,F13,8,1.6708587881e+03
SBOA+LPSR,F13,9,1.4561746379e+04
SBOA+LPSR,F13,10,1.2884799752e+04
SBOA+LPSR,F13,11,5.3577260223e+03
SBOA+LPSR,F14,0,2.1897980184e+02
SBOA+LPSR,F14,1,1.7012566609e+02
SBOA+LPSR,F14,2,2.6286573236e+02
SBOA+LPSR,F14,3,3.4976195016e+02
SBOA+LPSR,F14,4,2.2524629918e+02
SBOA+LPSR,F14,5,2.9392660330e+02
SBOA+LPSR,F14,6,1.6175420483e+02
SBOA+LPSR,F14,7,3.9296136528e+02
SBOA+LPSR,F14,8,2.8328407570e+02
SBOA+LPSR,F14,9,3.0875724155e+02
SBOA+LPSR,F14,10,1.8673357907e+02
SBOA+LPSR,F14,11,3.1885696862e+02
SBOA+LPSR,F15,0,4.3712200633e+03
SBOA+LPSR,F15,1,2.6745624043e+02
SBOA+LPSR,F15,2,1.4600051063e+04
SBOA+LPSR,F15,3,5.7299595198e+03
SBOA+LPSR,F15,4,4.2030105267e+02
SBOA+LPSR,F15,5,9.2829968890e+02
SBOA+LPSR,F15,6,5.6141377458e+03
SBOA+LPSR,F15,7,5.1841181679e+03
SBOA+LPSR,F15,8,1.9801733335e+03
SBOA+LPSR,F15,9,5.7596357613e+02
SBOA+LPSR,F15,10,1.3060688858e+03
SBOA+LPSR,F15,11,1.1429894720e+03
SBOA+LPSR,F16,0,2.7187738955e+00
SBOA+LPSR,F16,1,1.4769760620e+01
SBOA+LPSR,F16,2,1.3463092417e+02
SBOA+LPSR,F16,3,1.2271931085e+02
SBOA+LPSR,F16,4,3.6999457341e+01
SBOA+LPSR,F16,5,1.9845396530e+01
SBOA+LPSR,F16,6,2.2134896327e+00
SBOA+LPSR,F16,7,6.5546307569e+00
SBOA+LPSR,F16,8,4.8775963547e+00
SBOA+LPSR,F16,9,5.6801735558e+00
SBOA+LPSR,F16,10,4.8214686793e+00
SBOA+LPSR,F16,11,3.9556399836e+01
SBOA+LPSR,F17,0,4.0103779735e+01
SBOA+LPSR,F17,1,2.1042499073e+01
SBOA+LPSR,F17,2,3.6138063554e+01
SBOA+LPSR,F17,3,3.6082761390e+01
SBOA+LPSR,F17,4,4.3967211873e+01
SBOA+LPSR,F17,5,2.3499386808e+01
SBOA+LPSR,F17,6,4.2595187533e+01
SBOA+LPSR,F17,7,2.7704004347e+01
SBOA+LPSR,F17,8,4.2710684106e+01
SBOA+LPSR,F17,9,4.1625287909e+01
SBOA+LPSR,F17,10,2.9437099121e+01
SBOA+LPSR,F17,11,4.3198434532e+01
SBOA+LPSR,F18,0,3.9513970444e+02
SBOA+LPSR,F18,1,2.3008257800e+03
SBOA+LPSR,F18,2,4.2057297632e+03
SBOA+LPSR,F18,3,5.7807712592e+03
SBOA+LPSR,F18,4,2.9575108291e+04
SBOA+LPSR,F18,5,5.6894082763e+03
SBOA+LPSR,F18,6,8.4719671127e+03
SBOA+LPSR,F18,7,2.3773861212e+04
SBOA+LPSR,F18,8,1.1491585379e+04
SBOA+LPSR,F18,9,4.5799338195e+03
SBOA+LPSR,F18,10,2.1270734870e+03
SBOA+LPSR,F18,11,1.0149048316e+04
SBOA+LPSR,F19,0,6.0412602180e+02
SBOA+LPSR,F19,1,2.8619825989e+03
SBOA+LPSR,F19,2,1.3576661571e+03
SBOA+LPSR,F19,3,5.1176020233e+02
SBOA+LPSR,F19,4,4.7498983381e+03
SBOA+LPSR,F19,5,5.0650384478e+03
SBOA+LPSR,F19,6,2.7172821856e+02
SBOA+LPSR,F19,7,7.3508617769e+03
SBOA+LPSR,F19,8,1.2322643120e+03
SBOA+LPSR,F19,9,1.0164656896e+03
SBOA+LPSR,F19,10,6.8601335015e+01
SBOA+LPSR,F19,11,2.0717017798e+02
SBOA+LPSR,F20,0,4.2019725184e+01
SBOA+LPSR,F20,1,2.1189872820e+01
SBOA+LPSR,F20,2,2.8284235373e+01
SBOA+LPSR,F20,3,3.3796439526e+01
SBOA+LPSR,F20,4,2.9980226923e+01
SBOA+LPSR,F20,5,2.6343126762e+01
SBOA+LPSR,F20,6,3.3266662472e+01
SBOA+LPSR,F20,7,5.4184417887e+01
SBOA+LPSR,F20,8,3.3595771050e+01
SBOA+LPSR,F20,9,5.1263951778e+01
SBOA+LPSR,F20,10,3.0936174646e+01
SBOA+LPSR,F20,11,4.0022234472e+01
SBOA+LPSR,F21,0,2.1224569709e+02
SBOA+LPSR,F21,1,1.0558615967e+02
SBOA+LPSR,F21,2,2.2154820509e+02
SBOA+LPSR,F21,3,2.1206925651e+02
SBOA+LPSR,F21,4,1.1106633943e+02
SBOA+LPSR,F21,5,1.0540749050e+02
SBOA+LPSR,F21,6,2.1577188106e+02
SBOA+LPSR,F21,7,2.2078358846e+02
SBOA+LPSR,F21,8,2.1786856283e+02
SBOA+LPSR,F21,9,1.0655665857e+02
SBOA+LPSR,F21,10,1.0384113392e+02
SBOA+LPSR,F21,11,2.1118599096e+02
SBOA+LPSR,F22,0,1.0082672990e+02
SBOA+LPSR,F22,1,1.0321115806e+02
SBOA+LPSR,F22,2,1.0124201763e+02
SBOA+LPSR,F22,3,1.0062803022e+02
SBOA+LPSR,F22,4,1.0287940728e+02
SBOA+LPSR,F22,5,1.0194847019e+02
SBOA+LPSR,F22,6,1.0156504944e+02
SBOA+LPSR,F22,7,1.0444942530e+02
SBOA+LPSR,F22,8,1.0229674786e+02
SBOA+LPSR,F22,9,1.0125365647e+02
SBOA+LPSR,F22,10,1.0191281444e+02
SBOA+LPSR,F22,11,1.0265451075e+02
SBOA+LPSR,F23,0,3.1640576550e+02
SBOA+LPSR,F23,1,3.1633451403e+02
SBOA+LPSR,F23,2,3.2865388742e+02
SBOA+LPSR,F23,3,3.2199423131e+02
SBOA+LPSR,F23,4,3.0685627518e+02
SBOA+LPSR,F23,5,3.1566013768e+02
SBOA+LPSR,F23,6,3.0736643905e+02
SBOA+LPSR,F23,7,3.1725815256e+02
SBOA+LPSR,F23,8,3.2262479040e+02
SBOA+LPSR,F23,9,3.2414508692e+02
SBOA+LPSR,F23,10,3.0771969689e+02
SBOA+LPSR,F23,11,3.3288949032e+02
SBOA+LPSR,F24,0,3.5138105843e+02
SBOA+LPSR,F24,1,3.3771343178e+02
SBOA+LPSR,F24,2,3.3986910319e+02
SBOA+LPSR,F24,3,3.4973309879e+02
SBOA+LPSR,F24,4,3.3769478388e+02
SBOA+LPSR,F24,5,3.4077282314e+02
SBOA+LPSR,F24,6,3.3953875353e+02
SBOA+LPSR,F24,7,1.0450681472e+02
SBOA+LPSR,F24,8,3.3823070306e+02
SBOA+LPSR,F24,9,3.3748438481e+02
SBOA+LPSR,F24,10,1.0545615672e+02
SBOA+LPSR,F24,11,3.3386283279e+02
SBOA+LPSR,F25,0,4.5043352051e+02
SBOA+LPSR,F25,1,4.4700445051e+02
SBOA+LPSR,F25,2,4.4435726775e+02
SBOA+LPSR,F25,3,4.0002860232e+02
SBOA+LPSR,F25,4,4.4399488413e+02
SBOA+LPSR,F25,5,4.4624287064e+02
SBOA+LPSR,F25,6,4.4619218229e+02
SBOA+LPSR,F25,7,4.4907547937e+02
SBOA+LPSR,F25,8,4.4519744697e+02
SBOA+LPSR,F25,9,4.4731377829e+02
SBOA+LPSR,F25,10,4.4600455426e+02
SBOA+LPSR,F25,11,4.4357312111e+02
SBOA+LPSR,F26,0,3.0010831755e+02
SBOA+LPSR,F26,1,3.0084883311e+02
SBOA+LPSR,F26,2,3.0027574534e+02
SBOA+LPSR,F26,3,3.0009197914e+02
SBOA+LPSR,F26,4,3.4715203128e+02
SBOA+LPSR,F26,5,3.0069309522e+02
SBOA+LPSR,F26,6,3.4715086622e+02
SBOA+LPSR,F26,7,3.0050198575e+02
SBOA+LPSR,F26,8,4.0118526129e+02
SBOA+LPSR,F26,9,3.0014796082e+02
SBOA+LPSR,F26,10,3.0034200218e+02
SBOA+LPSR,F26,11,3.0018862797e+02
SBOA+LPSR,F27,0,3.9460871414e+02
SBOA+LPSR,F27,1,3.9145009467e+02
SBOA+LPSR,F27,2,3.9530972181e+02
SBOA+LPSR,F27,3,3.9460823238e+02
SBOA+LPSR,F27,4,3.9335860960e+02
SBOA+LPSR,F27,5,3.9613101299e+02
SBOA+LPSR,F27,6,3.9300899651e+02
SBOA+LPSR,F27,7,3.8953485325e+02
SBOA+LPSR,F27,8,3.8997421456e+02
SBOA+LPSR,F27,9,3.9522142169e+02
SBOA+LPSR,F27,10,3.8990690725e+02
SBOA+LPSR,F27,11,3.9083681877e+02
SBOA+LPSR,F28,0,4.7538930266e+02
SBOA+LPSR,F28,1,6.1185477569e+02
SBOA+LPSR,F28,2,4.2462002651e+02
SBOA+LPSR,F28,3,3.8273160497e+02
SBOA+LPSR,F28,4,4.9417936577e+02
SBOA+LPSR,F28,5,6.1182169869e+02
SBOA+LPSR,F28,6,3.7461558079e+02
SBOA+LPSR,F28,7,6.1182166598e+02
SBOA+LPSR,F28,8,3.0023934838e+02
SBOA+LPSR,F28,9,4.3205029573e+02
SBOA+LPSR,F28,10,4.2446581945e+02
SBOA+LPSR,F28,11,6.1182183062e+02
SBOA+LPSR,F29,0,2.7115417780e+02
SBOA+LPSR,F29,1,2.7345955986e+02
SBOA+LPSR,F29,2,3.1433717253e+02
SBOA+LPSR,F29,3,2.6123608257e+02
SBOA+LPSR,F29,4,2.6630063571e+02
SBOA+LPSR,F29,5,3.3488809052e+02
SBOA+LPSR,F29,6,2.9060155138e+02
SBOA+LPSR,F29,7,2.4334388062e+02
SBOA+LPSR,F29,8,2.8491573113e+02
SBOA+LPSR,F29,9,3.5077891388e+02
SBOA+LPSR,F29,10,3.4973696339e+02
SBOA+LPSR,F29,11,3.1075517056e+02
SBOA+LPSR,F30,0,3.8644159998e+03
SBOA+LPSR,F30,1,1.1342692019e+04
SBOA+LPSR,F30,2,1.9222494696e+05
SBOA+LPSR,F30,3,8.1304055828e+05
SBOA+LPSR,F30,4,1.7717087705e+06
SBOA+LPSR,F30,5,2.2114199180e+06
SBOA+LPSR,F30,6,2.0283774820e+04
SBOA+LPSR,F30,7,1.0896373594e+06
SBOA+LPSR,F30,8,1.9637361399e+06
SBOA+LPSR,F30,9,8.7467372940e+05
SBOA+LPSR,F30,10,1.3884792224e+06
SBOA+LPSR,F30,11,1.1431135364e+05
