study,algo,problem,dim,run,value
scale,LSHADE,N8,16,0,9.1172030457e-01
scale,LSHADE,N12,24,0,9.2046594307e-01
scale,LSHADE,N20,40,0,8.8249832874e-01
scale,LSHADE,N30,60,0,8.5561903808e-01
scale,RIME,N8,16,0,8.8982599542e-01
scale,RIME,N12,24,0,8.9579868473e-01
scale,RIME,N20,40,0,8.6913925263e-01
scale,RIME,N30,60,0,8.3854957478e-01
scale,MSSBOA,N8,16,0,9.0792343875e-01
scale,MSSBOA,N12,24,0,9.3426837158e-01
scale,MSSBOA,N20,40,0,8.9016710282e-01
scale,MSSBOA,N30,60,0,8.6343481911e-01
scale,SBOA,N8,16,0,9.0727606212e-01
scale,SBOA,N12,24,0,9.3555109198e-01
scale,SBOA,N20,40,0,8.9681074197e-01
scale,SBOA,N30,60,0,8.7724551929e-01
scale,GWO,N8,16,0,9.3263392779e-01
scale,GWO,N12,24,0,7.9631966203e-01
scale,GWO,N20,40,0,7.9611934892e-01
scale,GWO,N30,60,0,6.9765700670e-01
scale,COA,N8,16,0,8.9661070564e-01
scale,COA,N12,24,0,8.7039168040e-01
scale,COA,N20,40,0,8.6339561947e-01
scale,COA,N30,60,0,8.3650100530e-01
scale,SBOA,N8,16,1,9.1522779964e-01
scale,SBOA,N12,24,1,9.2769623741e-01
scale,SBOA,N20,40,1,8.8514024264e-01
scale,SBOA,N30,60,1,8.5637351832e-01
scale,MSSBOA,N8,16,1,9.3632985320e-01
scale,MSSBOA,N12,24,1,9.3089357827e-01
scale,MSSBOA,N20,40,1,8.9398988096e-01
scale,MSSBOA,N30,60,1,8.7443499776e-01
scale,RIME,N8,16,1,8.5473096496e-01
scale,RIME,N12,24,1,8.9310265787e-01
scale,RIME,N20,40,1,8.5117001865e-01
scale,RIME,N30,60,1,8.4192674086e-01
scale,LSHADE,N8,16,1,9.1721708715e-01
scale,LSHADE,N12,24,1,9.1842707907e-01
scale,LSHADE,N20,40,1,8.7671170385e-01
scale,LSHADE,N30,60,1,8.5428623806e-01
scale,GWO,N8,16,1,9.3250016792e-01
scale,GWO,N12,24,1,9.0292041860e-01
scale,GWO,N20,40,1,8.3559400179e-01
scale,GWO,N30,60,1,7.1422870468e-01
scale,COA,N8,16,1,8.5987012551e-01
scale,COA,N12,24,1,9.0348570459e-01
scale,COA,N20,40,1,8.5236956280e-01
scale,COA,N30,60,1,8.1010153878e-01
scale,MSSBOA,N8,16,2,9.2260173358e-01
scale,MSSBOA,N12,24,2,9.2779919536e-01
scale,MSSBOA,N20,40,2,8.8457131835e-01
scale,MSSBOA,N30,60,2,8.5812207240e-01
scale,SBOA,N8,16,2,9.3806986986e-01
scale,SBOA,N12,24,2,9.3076841638e-01
scale,SBOA,N20,40,2,9.0304665938e-01
scale,SBOA,N30,60,2,8.4918341189e-01
scale,LSHADE,N8,16,2,9.1693132539e-01
scale,LSHADE,N12,24,2,9.1890715286e-01
scale,LSHADE,N20,40,2,8.8119085492e-01
scale,LSHADE,N30,60,2,8.5845924358e-01
scale,RIME,N8,16,2,9.1838043967e-01
scale,RIME,N12,24,2,8.9613282634e-01
scale,RIME,N20,40,2,8.6826680600e-01
scale,RIME,N30,60,2,8.3673633026e-01
scale,GWO,N8,16,2,9.4596131448e-01
scale,GWO,N12,24,2,8.7320633484e-01
scale,GWO,N20,40,2,8.0649297332e-01
scale,GWO,N30,60,2,6.9869899973e-01
scale,COA,N8,16,2,8.9980481408e-01
scale,COA,N12,24,2,8.9189216386e-01
scale,COA,N20,40,2,8.3977529744e-01
scale,COA,N30,60,2,8.4899160509e-01
scale,MSSBOA,N8,16,3,9.0269415077e-01
scale,MSSBOA,N12,24,3,9.1956485321e-01
scale,MSSBOA,N20,40,3,8.7930694656e-01
scale,MSSBOA,N30,60,3,8.5010237275e-01
scale,RIME,N8,16,3,8.6214116195e-01
scale,RIME,N12,24,3,8.9676810879e-01
scale,RIME,N20,40,3,8.4005486663e-01
scale,RIME,N30,60,3,8.4232146368e-01
scale,SBOA,N8,16,3,9.3504621434e-01
scale,SBOA,N12,24,3,9.2431458166e-01
scale,SBOA,N20,40,3,8.9301930929e-01
scale,SBOA,N30,60,3,8.5944293351e-01
scale,LSHADE,N8,16,3,9.1433395220e-01
scale,LSHADE,N12,24,3,9.0844197575e-01
scale,LSHADE,N20,40,3,8.8079204653e-01
scale,LSHADE,N30,60,3,8.5766812725e-01
scale,GWO,N8,16,3,9.2116154245e-01
scale,GWO,N12,24,3,8.8222975201e-01
scale,GWO,N20,40,3,7.6410656985e-01
scale,GWO,N30,60,3,6.9518890362e-01
scale,COA,N8,16,3,9.0865117845e-01
scale,COA,N12,24,3,9.1461265229e-01
scale,COA,N20,40,3,8.6696037614e-01
scale,COA,N30,60,3,8.1064936173e-01
scale,MSSBOA,N8,16,4,9.3346196063e-01
scale,MSSBOA,N12,24,4,9.1533601678e-01
scale,MSSBOA,N20,40,4,8.9102957129e-01
scale,MSSBOA,N30,60,4,8.5666151936e-01
scale,SBOA,N8,16,4,9.2757344972e-01
scale,SBOA,N12,24,4,9.2585233590e-01
scale,SBOA,N20,40,4,8.9116755819e-01
scale,SBOA,N30,60,4,8.6802252317e-01
scale,RIME,N8,16,4,9.2443769484e-01
scale,RIME,N12,24,4,9.1187110469e-01
scale,RIME,N20,40,4,8.5879155265e-01
scale,RIME,N30,60,4,8.3729401628e-01
scale,LSHADE,N8,16,4,9.2329522679e-01
scale,LSHADE,N12,24,4,9.2230756212e-01
scale,LSHADE,N20,40,4,8.7720955693e-01
scale,LSHADE,N30,60,4,8.5947871983e-01
scale,COA,N8,16,4,9.2183412233e-01
scale,COA,N12,24,4,9.0240640009e-01
scale,COA,N20,40,4,8.1806356089e-01
scale,COA,N30,60,4,8.1195110482e-01
scale,GWO,N8,16,4,8.7982464593e-01
scale,GWO,N12,24,4,9.0154916760e-01
scale,GWO,N20,40,4,7.9140494569e-01
scale,GWO,N30,60,4,6.9000410375e-01
scale,MSSBOA,N8,16,5,9.3492147173e-01
scale,MSSBOA,N12,24,5,9.3491598816e-01
scale,MSSBOA,N20,40,5,8.9417366970e-01
scale,MSSBOA,N30,60,5,8.5331213620e-01
scale,SBOA,N8,16,5,9.4927883965e-01
scale,SBOA,N12,24,5,9.3717629551e-01
scale,SBOA,N20,40,5,8.9075255350e-01
scale,SBOA,N30,60,5,8.5800932404e-01
scale,RIME,N8,16,5,8.4110958036e-01
scale,RIME,N12,24,5,9.1317479010e-01
scale,RIME,N20,40,5,8.6283975542e-01
scale,RIME,N30,60,5,8.4062919191e-01
scale,LSHADE,N8,16,5,9.2135749802e-01
scale,LSHADE,N12,24,5,9.1369458486e-01
scale,LSHADE,N20,40,5,8.8309930974e-01
scale,LSHADE,N30,60,5,8.5840087279e-01
scale,GWO,N8,16,5,9.3809244689e-01
scale,GWO,N12,24,5,9.3061512910e-01
scale,GWO,N20,40,5,8.1538990200e-01
scale,GWO,N30,60,5,7.3228317690e-01
scale,COA,N8,16,5,9.1469194607e-01
scale,COA,N12,24,5,8.9245984347e-01
scale,COA,N20,40,5,8.7513063383e-01
scale,COA,N30,60,5,8.2178523480e-01
scale,MSSBOA,N8,16,6,9.3035215617e-01
scale,MSSBOA,N12,24,6,9.1828304138e-01
scale,MSSBOA,N20,40,6,8.9251092041e-01
scale,MSSBOA,N30,60,6,8.7160227003e-01
scale,SBOA,N8,16,6,9.3791875612e-01
scale,SBOA,N12,24,6,9.4438172359e-01
scale,SBOA,N20,40,6,8.8366428334e-01
scale,SBOA,N30,60,6,8.6268119113e-01
scale,RIME,N8,16,6,8.6657400239e-01
scale,RIME,N12,24,6,8.8429111406e-01
scale,RIME,N20,40,6,8.4821534796e-01
scale,RIME,N30,60,6,8.3583439669e-01
scale,LSHADE,N8,16,6,9.1797928319e-01
scale,LSHADE,N12,24,6,9.1595753180e-01
scale,LSHADE,N20,40,6,8.7732250889e-01
scale,LSHADE,N30,60,6,8.5452956017e-01
scale,GWO,N8,16,6,9.3450076921e-01
scale,GWO,N12,24,6,9.4595700559e-01
scale,GWO,N20,40,6,8.4113575899e-01
scale,GWO,N30,60,6,6.9498652767e-01
scale,COA,N8,16,6,9.1707911513e-01
scale,COA,N12,24,6,9.1075693659e-01
scale,COA,N20,40,6,8.2638648686e-01
scale,COA,N30,60,6,8.2723286061e-01
scale,MSSBOA,N8,16,7,9.2498887299e-01
scale,MSSBOA,N12,24,7,9.3095708904e-01
scale,MSSBOA,N20,40,7,9.0485141462e-01
scale,MSSBOA,N30,60,7,8.6975752111e-01
scale,SBOA,N8,16,7,9.2272436125e-01
scale,SBOA,N12,24,7,9.3236909138e-01
scale,SBOA,N20,40,7,8.7979846787e-01
scale,SBOA,N30,60,7,8.6584988365e-01
scale,RIME,N8,16,7,8.7201831419e-01
scale,RIME,N12,24,7,8.8756670859e-01
scale,RIME,N20,40,7,8.4873188175e-01
scale,RIME,N30,60,7,8.3304801912e-01
scale,LSHADE,N8,16,7,9.2556533532e-01
scale,LSHADE,N12,24,7,9.0937993866e-01
scale,LSHADE,N20,40,7,8.7835681216e-01
scale,LSHADE,N30,60,7,8.5332588111e-01
scale,GWO,N8,16,7,9.3725664703e-01
scale,GWO,N12,24,7,9.2002420417e-01
scale,GWO,N20,40,7,7.8948881930e-01
scale,GWO,N30,60,7,6.9174227816e-01
scale,COA,N8,16,7,8.7265390805e-01
scale,COA,N12,24,7,9.0845390632e-01
scale,COA,N20,40,7,8.2435839943e-01
scale,COA,N30,60,7,8.3931653814e-01
scale,MSSBOA,N8,16,8,9.3541346921e-01
scale,MSSBOA,N12,24,8,9.2757598495e-01
scale,MSSBOA,N20,40,8,8.9752596825e-01
scale,MSSBOA,N30,60,8,8.6758418030e-01
scale,SBOA,N8,16,8,9.1841535401e-01
scale,SBOA,N12,24,8,9.2891942080e-01
scale,SBOA,N20,40,8,9.0006481783e-01
scale,SBOA,N30,60,8,8.6304681052e-01
scale,RIME,N8,16,8,9.0559206080e-01
scale,RIME,N12,24,8,8.9175772404e-01
scale,RIME,N20,40,8,8.5619765452e-01
scale,RIME,N30,60,8,8.3795264337e-01
scale,LSHADE,N8,16,8,9.2378230845e-01
scale,LSHADE,N12,24,8,9.2048066518e-01
scale,LSHADE,N20,40,8,8.7644978589e-01
scale,LSHADE,N30,60,8,8.5675555417e-01
scale,GWO,N8,16,8,9.3168233745e-01
scale,GWO,N12,24,8,8.8597725140e-01
scale,GWO,N20,40,8,7.7943011715e-01
scale,GWO,N30,60,8,7.1533918258e-01
scale,COA,N8,16,8,9.0443495480e-01
scale,COA,N12,24,8,8.9839863598e-01
scale,COA,N20,40,8,8.5482377253e-01
scale,COA,N30,60,8,8.4780571728e-01
scale,MSSBOA,N8,16,9,9.0566615912e-01
scale,MSSBOA,N12,24,9,9.2552431341e-01
scale,MSSBOA,N20,40,9,8.8735943770e-01
scale,MSSBOA,N30,60,9,8.4808445772e-01
scale,SBOA,N8,16,9,9.1912135188e-01
scale,SBOA,N12,24,9,9.5307948754e-01
scale,SBOA,N20,40,9,9.0374439652e-01
scale,SBOA,N30,60,9,8.6691261120e-01
scale,RIME,N8,16,9,8.9430785006e-01
scale,RIME,N12,24,9,8.9127175023e-01
scale,RIME,N20,40,9,8.4427019902e-01
scale,RIME,N30,60,9,8.3891172763e-01
scale,LSHADE,N8,16,9,9.1570239922e-01
scale,LSHADE,N12,24,9,9.1795689123e-01
scale,LSHADE,N20,40,9,8.7202031101e-01
scale,LSHADE,N30,60,9,8.5604273972e-01
scale,GWO,N8,16,9,9.4114880971e-01
scale,GWO,N12,24,9,9.2393702735e-01
scale,GWO,N20,40,9,7.8571860406e-01
scale,GWO,N30,60,9,6.9800401636e-01
scale,COA,N8,16,9,8.8699859606e-01
scale,COA,N12,24,9,8.4869078289e-01
scale,COA,N20,40,9,8.4754817885e-01
scale,COA,N30,60,9,8.0874993289e-01
scale,MSSBOA,N8,16,10,9.1132963835e-01
scale,MSSBOA,N12,24,10,9.2866306177e-01
scale,MSSBOA,N20,40,10,8.9177377955e-01
scale,MSSBOA,N30,60,10,8.6590573425e-01
scale,SBOA,N8,16,10,9.4119195805e-01
scale,SBOA,N12,24,10,9.2736434704e-01
scale,SBOA,N20,40,10,8.8466298528e-01
scale,SBOA,N30,60,10,8.6273459324e-01
scale,RIME,N8,16,10,8.2729911000e-01
scale,RIME,N12,24,10,8.7942267975e-01
scale,RIME,N20,40,10,8.5230292432e-01
scale,RIME,N30,60,10,8.3806485390e-01
scale,LSHADE,N8,16,10,9.1178796241e-01
scale,LSHADE,N12,24,10,9.1109878013e-01
scale,LSHADE,N20,40,10,8.8216157490e-01
scale,LSHADE,N30,60,10,8.5754389606e-01
scale,GWO,N8,16,10,9.4664470447e-01
scale,GWO,N12,24,10,9.0478095736e-01
scale,GWO,N20,40,10,7.8221348548e-01
scale,GWO,N30,60,10,7.3134429649e-01
scale,COA,N8,16,10,8.7405716424e-01
scale,COA,N12,24,10,9.1165930251e-01
scale,COA,N20,40,10,8.5400247491e-01
scale,COA,N30,60,10,8.3914701468e-01
scale,MSSBOA,N8,16,11,9.1420953481e-01
scale,MSSBOA,N12,24,11,9.2678353617e-01
scale,MSSBOA,N20,40,11,8.9701128811e-01
scale,MSSBOA,N30,60,11,8.4820773864e-01
scale,SBOA,N8,16,11,9.3246144082e-01
scale,SBOA,N12,24,11,9.3404129380e-01
scale,SBOA,N20,40,11,8.9357833004e-01
scale,SBOA,N30,60,11,8.6297169914e-01
scale,RIME,N8,16,11,8.8705656643e-01
scale,RIME,N12,24,11,9.0301998783e-01
scale,RIME,N20,40,11,8.6459484656e-01
scale,RIME,N30,60,11,8.2861357485e-01
scale,LSHADE,N8,16,11,9.2537907026e-01
scale,LSHADE,N12,24,11,9.1580529241e-01
scale,LSHADE,N20,40,11,8.7848403838e-01
scale,LSHADE,N30,60,11,8.5742888662e-01
scale,GWO,N8,16,11,9.3551192466e-01
scale,GWO,N12,24,11,9.0223099715e-01
scale,GWO,N20,40,11,7.7074123866e-01
scale,GWO,N30,60,11,7.0900108385e-01
scale,COA,N8,16,11,9.1130848294e-01
scale,COA,N12,24,11,9.0874108845e-01
scale,COA,N20,40,11,8.1527414944e-01
scale,COA,N30,60,11,8.4526496370e-01
scale,SBOA,N8,16,12,9.2744160241e-01
scale,SBOA,N12,24,12,9.3159687315e-01
scale,SBOA,N20,40,12,8.8300975708e-01
scale,SBOA,N30,60,12,8.7185701258e-01
scale,MSSBOA,N8,16,12,9.0549202979e-01
scale,MSSBOA,N12,24,12,9.2326061748e-01
scale,MSSBOA,N20,40,12,8.9093519153e-01
scale,MSSBOA,N30,60,12,8.7092979710e-01
scale,RIME,N8,16,12,8.6676201279e-01
scale,RIME,N12,24,12,9.1588707365e-01
scale,RIME,N20,40,12,8.7383041414e-01
scale,RIME,N30,60,12,8.3185367509e-01
scale,LSHADE,N8,16,12,9.1294176658e-01
scale,LSHADE,N12,24,12,9.1641648837e-01
scale,LSHADE,N20,40,12,8.8127396794e-01
scale,LSHADE,N30,60,12,8.5690471526e-01
scale,GWO,N8,16,12,9.3449740080e-01
scale,GWO,N12,24,12,9.4582768167e-01
scale,GWO,N20,40,12,7.9211006298e-01
scale,GWO,N30,60,12,7.0010307991e-01
scale,COA,N8,16,12,8.9308866138e-01
scale,COA,N12,24,12,9.1970876323e-01
scale,COA,N20,40,12,8.4565803103e-01
scale,COA,N30,60,12,8.0281251684e-01
scale,MSSBOA,N8,16,13,9.2153371921e-01
scale,MSSBOA,N12,24,13,9.2967147967e-01
scale,MSSBOA,N20,40,13,8.8924019935e-01
scale,MSSBOA,N30,60,13,8.6776063912e-01
scale,RIME,N8,16,13,9.0133849423e-01
scale,RIME,N12,24,13,9.1192171156e-01
scale,RIME,N20,40,13,8.3806078182e-01
scale,RIME,N30,60,13,8.3353351167e-01
scale,SBOA,N8,16,13,9.4520136149e-01
scale,SBOA,N12,24,13,9.3345449054e-01
scale,SBOA,N20,40,13,8.9215552139e-01
scale,SBOA,N30,60,13,8.7318762621e-01
scale,LSHADE,N8,16,13,9.1051247266e-01
scale,LSHADE,N12,24,13,9.0999493100e-01
scale,LSHADE,N20,40,13,8.8320631190e-01
scale,LSHADE,N30,60,13,8.6116811017e-01
scale,GWO,N8,16,13,8.9044883460e-01
scale,GWO,N12,24,13,8.7791062231e-01
scale,GWO,N20,40,13,7.9039744654e-01
scale,GWO,N30,60,13,7.1902702775e-01
scale,COA,N8,16,13,8.6469792490e-01
scale,COA,N12,24,13,9.0967570954e-01
scale,COA,N20,40,13,8.5857990771e-01
scale,COA,N30,60,13,8.3914451513e-01
scale,SBOA,N8,16,14,9.4584253222e-01
scale,SBOA,N12,24,14,9.1459258228e-01
scale,SBOA,N20,40,14,8.9027565778e-01
scale,SBOA,N30,60,14,8.6611780250e-01
scale,MSSBOA,N8,16,14,9.3090317675e-01
scale,MSSBOA,N12,24,14,9.1436426249e-01
scale,MSSBOA,N20,40,14,8.9356205682e-01
scale,MSSBOA,N30,60,14,8.5284220297e-01
scale,RIME,N8,16,14,8.9946593159e-01
scale,RIME,N12,24,14,9.0074479901e-01
scale,RIME,N20,40,14,8.4887748307e-01
scale,RIME,N30,60,14,8.3372015917e-01
scale,LSHADE,N8,16,14,9.0028546732e-01
scale,LSHADE,N12,24,14,9.1196649267e-01
scale,LSHADE,N20,40,14,8.7910314088e-01
scale,LSHADE,N30,60,14,8.5957621447e-01
scale,GWO,N8,16,14,9.3379845789e-01
scale,GWO,N12,24,14,8.7660722995e-01
scale,GWO,N20,40,14,7.8830843007e-01
scale,GWO,N30,60,14,6.9477972895e-01
scale,COA,N8,16,14,9.1281933150e-01
scale,COA,N12,24,14,9.1493150794e-01
scale,COA,N20,40,14,8.3594341000e-01
scale,COA,N30,60,14,8.1817664520e-01
scale,MSSBOA,N8,16,15,9.3563220148e-01
scale,MSSBOA,N12,24,15,9.3095758259e-01
scale,MSSBOA,N20,40,15,8.8802551190e-01
scale,MSSBOA,N30,60,15,8.6520173722e-01
scale,SBOA,N8,16,15,9.2689793471e-01
scale,SBOA,N12,24,15,9.3105150118e-01
scale,SBOA,N20,40,15,8.9901552629e-01
scale,SBOA,N30,60,15,8.5515797424e-01
scale,RIME,N8,16,15,8.9553537181e-01
scale,RIME,N12,24,15,9.0750317691e-01
scale,RIME,N20,40,15,8.6004764046e-01
scale,RIME,N30,60,15,8.6070225487e-01
scale,LSHADE,N8,16,15,8.9538635782e-01
scale,LSHADE,N12,24,15,9.1466550724e-01
scale,LSHADE,N20,40,15,8.8125699640e-01
scale,LSHADE,N30,60,15,8.5389966743e-01
scale,GWO,N8,16,15,9.3734933665e-01
scale,GWO,N12,24,15,8.3877650229e-01
scale,GWO,N20,40,15,8.4422249061e-01
scale,GWO,N30,60,15,6.9810020022e-01
scale,COA,N8,16,15,8.9165026910e-01
scale,COA,N12,24,15,9.0849130292e-01
scale,COA,N20,40,15,8.7285439048e-01
scale,COA,N30,60,15,8.3220947012e-01
scale,MSSBOA,N8,16,16,9.0117690221e-01
scale,MSSBOA,N12,24,16,9.2963763432e-01
scale,MSSBOA,N20,40,16,8.9348857603e-01
scale,MSSBOA,N30,60,16,8.5410922046e-01
scale,SBOA,N8,16,16,9.3773898190e-01
scale,SBOA,N12,24,16,9.3034672352e-01
scale,SBOA,N20,40,16,8.8262363751e-01
scale,SBOA,N30,60,16,8.6112917966e-01
scale,RIME,N8,16,16,8.9178218268e-01
scale,RIME,N12,24,16,8.8607269200e-01
scale,RIME,N20,40,16,8.3002804881e-01
scale,RIME,N30,60,16,8.3534955302e-01
scale,LSHADE,N8,16,16,9.1930687823e-01
scale,LSHADE,N12,24,16,9.1690798763e-01
scale,LSHADE,N20,40,16,8.7811954849e-01
scale,LSHADE,N30,60,16,8.5986610925e-01
scale,GWO,N8,16,16,8.5127333233e-01
scale,GWO,N12,24,16,8.7973233061e-01
scale,GWO,N20,40,16,7.9808892329e-01
scale,GWO,N30,60,16,7.1199706689e-01
scale,COA,N8,16,16,8.9919864938e-01
scale,COA,N12,24,16,9.1386178491e-01
scale,COA,N20,40,16,8.5047465303e-01
scale,COA,N30,60,16,8.3227213771e-01
scale,MSSBOA,N8,16,17,9.2337745011e-01
scale,MSSBOA,N12,24,17,9.3204467591e-01
scale,MSSBOA,N20,40,17,8.9417749806e-01
scale,MSSBOA,N30,60,17,8.5710302410e-01
scale,SBOA,N8,16,17,9.4113949578e-01
scale,SBOA,N12,24,17,9.3504250249e-01
scale,SBOA,N20,40,17,8.7738612821e-01
scale,SBOA,N30,60,17,8.5916169137e-01
scale,RIME,N8,16,17,8.9917592558e-01
scale,RIME,N12,24,17,9.0950280903e-01
scale,RIME,N20,40,17,8.6994879357e-01
scale,RIME,N30,60,17,8.4357277847e-01
scale,LSHADE,N8,16,17,9.2643574549e-01
scale,LSHADE,N12,24,17,9.1350274190e-01
scale,LSHADE,N20,40,17,8.7766726887e-01
scale,LSHADE,N30,60,17,8.5765701389e-01
scale,GWO,N8,16,17,9.3724385865e-01
scale,GWO,N12,24,17,9.3710508971e-01
scale,GWO,N20,40,17,7.5152484750e-01
scale,GWO,N30,60,17,7.1498430429e-01
scale,COA,N8,16,17,8.9290941061e-01
scale,COA,N12,24,17,9.0964159394e-01
scale,COA,N20,40,17,8.6134460856e-01
scale,COA,N30,60,17,8.1622038614e-01
scale,MSSBOA,N8,16,18,9.1720607140e-01
scale,MSSBOA,N12,24,18,9.3345262552e-01
scale,MSSBOA,N20,40,18,8.7291953625e-01
scale,MSSBOA,N30,60,18,8.5978140190e-01
scale,SBOA,N8,16,18,9.1946080035e-01
scale,SBOA,N12,24,18,9.3540314781e-01
scale,SBOA,N20,40,18,9.0228161646e-01
scale,SBOA,N30,60,18,8.6047947502e-01
scale,RIME,N8,16,18,8.8697396236e-01
scale,RIME,N12,24,18,8.7808000309e-01
scale,RIME,N20,40,18,8.6462484912e-01
scale,RIME,N30,60,18,8.2580917782e-01
scale,LSHADE,N8,16,18,9.1049958211e-01
scale,LSHADE,N12,24,18,9.1271525995e-01
scale,LSHADE,N20,40,18,8.7571830912e-01
scale,LSHADE,N30,60,18,8.6060871088e-01
scale,GWO,N8,16,18,9.3378163416e-01
scale,GWO,N12,24,18,9.0423894321e-01
scale,GWO,N20,40,18,7.5649315722e-01
scale,GWO,N30,60,18,7.3554129339e-01
scale,COA,N8,16,18,9.0398616163e-01
scale,COA,N12,24,18,9.2547495158e-01
scale,COA,N20,40,18,8.6579651690e-01
scale,COA,N30,60,18,7.8511999575e-01
scale,MSSBOA,N8,16,19,9.1208664890e-01
scale,MSSBOA,N12,24,19,9.5485595102e-01
scale,MSSBOA,N20,40,19,8.8526884690e-01
scale,MSSBOA,N30,60,19,8.6073537180e-01
scale,SBOA,N8,16,19,9.4165247436e-01
scale,SBOA,N12,24,19,9.6020894712e-01
scale,SBOA,N20,40,19,9.0173891382e-01
scale,SBOA,N30,60,19,8.6479812521e-01
scale,RIME,N8,16,19,8.8466590962e-01
scale,RIME,N12,24,19,8.9309999281e-01
scale,RIME,N20,40,19,8.5334577505e-01
scale,RIME,N30,60,19,8.2214642854e-01
scale,LSHADE,N8,16,19,9.1484475312e-01
scale,LSHADE,N12,24,19,9.1206878931e-01
scale,LSHADE,N20,40,19,8.7440989564e-01
scale,LSHADE,N30,60,19,8.5150233530e-01
scale,GWO,N8,16,19,8.9714915974e-01
scale,GWO,N12,24,19,8.7146391192e-01
scale,GWO,N20,40,19,8.0454156694e-01
scale,GWO,N30,60,19,7.2976941366e-01
scale,COA,N8,16,19,9.0690643387e-01
scale,COA,N12,24,19,9.0230025026e-01
scale,COA,N20,40,19,8.2052573041e-01
scale,COA,N30,60,19,8.3109794852e-01
scale,SBOA,N8,16,20,9.1757680576e-01
scale,SBOA,N12,24,20,9.2713617614e-01
scale,SBOA,N20,40,20,9.0872936629e-01
scale,SBOA,N30,60,20,8.7584904208e-01
scale,RIME,N8,16,20,8.9988632477e-01
scale,RIME,N12,24,20,8.8811635859e-01
scale,RIME,N20,40,20,8.6000509342e-01
scale,RIME,N30,60,20,8.4645060890e-01
scale,MSSBOA,N8,16,20,9.2925888284e-01
scale,MSSBOA,N12,24,20,9.3666885439e-01
scale,MSSBOA,N20,40,20,9.0056508980e-01
scale,MSSBOA,N30,60,20,8.6877476261e-01
scale,LSHADE,N8,16,20,9.0441776644e-01
scale,LSHADE,N12,24,20,9.1395908340e-01
scale,LSHADE,N20,40,20,8.8812226914e-01
scale,LSHADE,N30,60,20,8.5773524235e-01
scale,GWO,N8,16,20,9.2081446213e-01
scale,GWO,N12,24,20,8.5986281362e-01
scale,GWO,N20,40,20,7.7496835993e-01
scale,GWO,N30,60,20,7.2900058039e-01
scale,COA,N8,16,20,8.5732956946e-01
scale,COA,N12,24,20,8.7735357809e-01
scale,COA,N20,40,20,8.3804624483e-01
scale,COA,N30,60,20,8.5754605671e-01
scale,MSSBOA,N8,16,21,8.9585228789e-01
scale,MSSBOA,N12,24,21,9.2316172781e-01
scale,MSSBOA,N20,40,21,8.8458193433e-01
scale,MSSBOA,N30,60,21,8.6066865435e-01
scale,SBOA,N8,16,21,9.4128981466e-01
scale,SBOA,N12,24,21,9.3297792018e-01
scale,SBOA,N20,40,21,8.8608429068e-01
scale,SBOA,N30,60,21,8.6722002010e-01
scale,RIME,N8,16,21,8.8436537118e-01
scale,RIME,N12,24,21,9.1546206131e-01
scale,RIME,N20,40,21,8.5904022827e-01
scale,RIME,N30,60,21,8.3847273973e-01
scale,LSHADE,N8,16,21,9.1088210988e-01
scale,LSHADE,N12,24,21,9.1287188482e-01
scale,LSHADE,N20,40,21,8.7818027877e-01
scale,LSHADE,N30,60,21,8.5637863360e-01
scale,GWO,N8,16,21,9.5503347718e-01
scale,GWO,N12,24,21,8.9986962600e-01
scale,GWO,N20,40,21,7.4036152801e-01
scale,GWO,N30,60,21,7.0256651264e-01
scale,COA,N8,16,21,9.0508793459e-01
scale,COA,N12,24,21,8.9888486593e-01
scale,COA,N20,40,21,8.8246395599e-01
scale,COA,N30,60,21,8.1630601295e-01
scale,SBOA,N8,16,22,9.5942818008e-01
scale,SBOA,N12,24,22,9.2419133141e-01
scale,SBOA,N20,40,22,8.8930683907e-01
scale,SBOA,N30,60,22,8.6993809469e-01
scale,MSSBOA,N8,16,22,9.1977661072e-01
scale,MSSBOA,N12,24,22,9.2896517354e-01
scale,MSSBOA,N20,40,22,8.8738679646e-01
scale,MSSBOA,N30,60,22,8.6716512796e-01
scale,RIME,N8,16,22,8.5220080221e-01
scale,RIME,N12,24,22,9.0913985634e-01
scale,RIME,N20,40,22,8.6573740606e-01
scale,RIME,N30,60,22,8.4382746086e-01
scale,LSHADE,N8,16,22,9.3445164013e-01
scale,LSHADE,N12,24,22,9.1474883018e-01
scale,LSHADE,N20,40,22,8.7884955025e-01
scale,LSHADE,N30,60,22,8.6126594164e-01
scale,GWO,N8,16,22,9.3954573744e-01
scale,GWO,N12,24,22,9.0252163042e-01
scale,GWO,N20,40,22,7.6116099513e-01
scale,GWO,N30,60,22,6.7672655003e-01
scale,COA,N8,16,22,9.1016683541e-01
scale,COA,N12,24,22,8.6157899954e-01
scale,COA,N20,40,22,8.3972954937e-01
scale,COA,N30,60,22,8.1421420029e-01
scale,MSSBOA,N8,16,23,9.2505518277e-01
scale,MSSBOA,N12,24,23,9.4409890604e-01
scale,MSSBOA,N20,40,23,8.9116005120e-01
scale,MSSBOA,N30,60,23,8.6580012720e-01
scale,SBOA,N8,16,23,9.4084557974e-01
scale,SBOA,N12,24,23,9.3726561977e-01
scale,SBOA,N20,40,23,8.8190214108e-01
scale,SBOA,N30,60,23,8.5499636933e-01
scale,RIME,N8,16,23,9.2996531205e-01
scale,RIME,N12,24,23,8.7235184575e-01
scale,RIME,N20,40,23,8.6353028303e-01
scale,RIME,N30,60,23,8.1949008603e-01
scale,LSHADE,N8,16,23,9.1089238347e-01
scale,LSHADE,N12,24,23,9.2212641770e-01
scale,LSHADE,N20,40,23,8.7915477879e-01
scale,LSHADE,N30,60,23,8.5441571263e-01
scale,GWO,N8,16,23,9.3414817941e-01
scale,GWO,N12,24,23,8.7290644281e-01
scale,GWO,N20,40,23,7.2712279808e-01
scale,GWO,N30,60,23,6.8742319604e-01
scale,COA,N8,16,23,8.8286178454e-01
scale,COA,N12,24,23,9.0923385557e-01
scale,COA,N20,40,23,8.4718593562e-01
scale,COA,N30,60,23,8.1555154381e-01
scale,SBOA,N8,16,24,9.0949341364e-01
scale,SBOA,N12,24,24,9.2289970760e-01
scale,SBOA,N20,40,24,8.8589601504e-01
scale,SBOA,N30,60,24,8.6020992813e-01
scale,MSSBOA,N8,16,24,9.4112786167e-01
scale,MSSBOA,N12,24,24,9.1550196077e-01
scale,MSSBOA,N20,40,24,8.8246209840e-01
scale,MSSBOA,N30,60,24,8.6334112795e-01
scale,RIME,N8,16,24,8.8833808216e-01
scale,RIME,N12,24,24,9.2439800737e-01
scale,RIME,N20,40,24,8.5840581584e-01
scale,RIME,N30,60,24,8.2763436121e-01
scale,LSHADE,N8,16,24,9.1604568198e-01
scale,LSHADE,N12,24,24,9.2522382000e-01
scale,LSHADE,N20,40,24,8.8346831577e-01
scale,LSHADE,N30,60,24,8.5924234956e-01
scale,GWO,N8,16,24,9.0088012326e-01
scale,GWO,N12,24,24,9.3290563849e-01
scale,GWO,N20,40,24,7.6766142220e-01
scale,GWO,N30,60,24,6.9531899953e-01
scale,COA,N8,16,24,8.9880809930e-01
scale,COA,N12,24,24,9.0024597991e-01
scale,COA,N20,40,24,8.4368124734e-01
scale,COA,N30,60,24,8.1021194096e-01
scale,MSSBOA,N8,16,25,9.2491751570e-01
scale,MSSBOA,N12,24,25,9.2170835790e-01
scale,MSSBOA,N20,40,25,8.9262933330e-01
scale,MSSBOA,N30,60,25,8.6840369217e-01
scale,SBOA,N8,16,25,9.4176063187e-01
scale,SBOA,N12,24,25,9.1859765118e-01
scale,SBOA,N20,40,25,8.9531784893e-01
scale,SBOA,N30,60,25,8.5547714188e-01
scale,RIME,N8,16,25,8.9657140224e-01
scale,RIME,N12,24,25,8.6112789403e-01
scale,RIME,N20,40,25,8.6993338502e-01
scale,RIME,N30,60,25,8.4247824181e-01
scale,LSHADE,N8,16,25,9.1901720722e-01
scale,LSHADE,N12,24,25,9.1913425443e-01
scale,LSHADE,N20,40,25,8.8148755677e-01
scale,LSHADE,N30,60,25,8.6301403672e-01
scale,GWO,N8,16,25,9.4135670593e-01
scale,GWO,N12,24,25,9.4034147758e-01
scale,GWO,N20,40,25,7.8990789042e-01
scale,GWO,N30,60,25,7.4370353233e-01
scale,COA,N8,16,25,9.0704669789e-01
scale,COA,N12,24,25,8.9606276256e-01
scale,COA,N20,40,25,8.4007301492e-01
scale,COA,N30,60,25,8.2119414336e-01
scale,MSSBOA,N8,16,26,9.1997799697e-01
scale,MSSBOA,N12,24,26,9.3393460720e-01
scale,MSSBOA,N20,40,26,8.9524967811e-01
scale,MSSBOA,N30,60,26,8.4937430603e-01
scale,SBOA,N8,16,26,9.1245838379e-01
scale,SBOA,N12,24,26,9.4736568907e-01
scale,SBOA,N20,40,26,8.9169608614e-01
scale,SBOA,N30,60,26,8.6275470230e-01
scale,RIME,N8,16,26,8.9634580127e-01
scale,RIME,N12,24,26,8.9659451578e-01
scale,RIME,N20,40,26,8.6569114505e-01
scale,RIME,N30,60,26,8.4356051591e-01
scale,LSHADE,N8,16,26,9.1952296434e-01
scale,LSHADE,N12,24,26,9.0846604534e-01
scale,LSHADE,N20,40,26,8.8006368133e-01
scale,LSHADE,N30,60,26,8.5506878202e-01
scale,GWO,N8,16,26,9.2971671278e-01
scale,GWO,N12,24,26,9.3727347648e-01
scale,GWO,N20,40,26,7.9884121036e-01
scale,GWO,N30,60,26,7.4255146791e-01
scale,COA,N8,16,26,9.1284314706e-01
scale,COA,N12,24,26,9.0695382825e-01
scale,COA,N20,40,26,8.3488943600e-01
scale,COA,N30,60,26,8.4972315247e-01
scale,MSSBOA,N8,16,27,9.3283316265e-01
scale,MSSBOA,N12,24,27,9.3738229764e-01
scale,MSSBOA,N20,40,27,8.9081147946e-01
scale,MSSBOA,N30,60,27,8.6721241246e-01
scale,SBOA,N8,16,27,9.1399591184e-01
scale,SBOA,N12,24,27,9.2563417753e-01
scale,SBOA,N20,40,27,9.0225747025e-01
scale,SBOA,N30,60,27,8.5319653083e-01
scale,RIME,N8,16,27,8.5696431740e-01
scale,RIME,N12,24,27,8.7872145377e-01
scale,RIME,N20,40,27,8.4538945052e-01
scale,RIME,N30,60,27,8.0910348364e-01
scale,LSHADE,N8,16,27,9.0874072055e-01
scale,LSHADE,N12,24,27,9.1476271121e-01
scale,LSHADE,N20,40,27,8.8674126502e-01
scale,LSHADE,N30,60,27,8.5713788790e-01
scale,GWO,N8,16,27,9.3484025394e-01
scale,GWO,N12,24,27,8.1733226551e-01
scale,GWO,N20,40,27,7.9549909541e-01
scale,GWO,N30,60,27,7.1140209341e-01
scale,COA,N8,16,27,8.8095216934e-01
scale,COA,N12,24,27,8.4963348495e-01
scale,COA,N20,40,27,8.2454999181e-01
scale,COA,N30,60,27,8.2699006548e-01
scale,SBOA,N8,16,28,8.9425712506e-01
scale,SBOA,N12,24,28,9.3760948755e-01
scale,SBOA,N20,40,28,8.9805753324e-01
scale,SBOA,N30,60,28,8.6863507736e-01
scale,MSSBOA,N8,16,28,9.2546322400e-01
scale,MSSBOA,N12,24,28,9.3581476732e-01
scale,MSSBOA,N20,40,28,8.8756781434e-01
scale,MSSBOA,N30,60,28,8.6083041290e-01
scale,RIME,N8,16,28,8.8737123601e-01
scale,RIME,N12,24,28,8.9493940178e-01
scale,RIME,N20,40,28,8.6949259598e-01
scale,RIME,N30,60,28,8.1690611701e-01
scale,LSHADE,N8,16,28,9.1895027511e-01
scale,LSHADE,N12,24,28,9.1881404195e-01
scale,LSHADE,N20,40,28,8.8183384050e-01
scale,LSHADE,N30,60,28,8.5790879559e-01
scale,GWO,N8,16,28,9.4441082836e-01
scale,GWO,N12,24,28,8.7771994495e-01
scale,GWO,N20,40,28,7.3094324815e-01
scale,GWO,N30,60,28,7.2723427002e-01
scale,COA,N8,16,28,8.8081199791e-01
scale,COA,N12,24,28,8.9041078342e-01
scale,COA,N20,40,28,8.7954712560e-01
scale,COA,N30,60,28,8.0054724902e-01
scale,MSSBOA,N8,16,29,9.3760036867e-01
scale,MSSBOA,N12,24,29,9.2685306169e-01
scale,MSSBOA,N20,40,29,8.8539587687e-01
scale,MSSBOA,N30,60,29,8.5857972016e-01
scale,SBOA,N8,16,29,9.1814979565e-01
scale,SBOA,N12,24,29,9.3937048036e-01
scale,SBOA,N20,40,29,8.9098991524e-01
scale,SBOA,N30,60,29,8.6364233990e-01
scale,RIME,N8,16,29,9.0767795971e-01
scale,RIME,N12,24,29,8.8842270187e-01
scale,RIME,N20,40,29,8.6123243278e-01
scale,RIME,N30,60,29,8.2575158338e-01
scale,LSHADE,N8,16,29,9.0669805236e-01
scale,LSHADE,N12,24,29,9.1451335903e-01
scale,LSHADE,N20,40,29,8.7468570702e-01
scale,LSHADE,N30,60,29,8.5827120017e-01
scale,GWO,N8,16,29,9.2705958710e-01
scale,GWO,N12,24,29,9.0631226088e-01
scale,GWO,N20,40,29,7.6063585216e-01
scale,GWO,N30,60,29,6.9935837273e-01
scale,COA,N8,16,29,9.1147747091e-01
scale,COA,N12,24,29,8.8745205255e-01
scale,COA,N20,40,29,8.3426966486e-01
scale,COA,N30,60,29,8.0639333654e-01
